stock_code,market,source,title,summary,url,raw_text,fetched_at
00700,HK,playwright_search,query=00700 00700 主营业务 年报; rank=0; title=search_page_snapshot,"rank=0; url=https://www.google.com/search?q=00700+00700+%E4%B8%BB%E8%90%A5%E4%B8%9A%E5%8A%A1+%E5%B9%B4%E6%8A%A5; hash=ac8492aa923b006f; snippet=About this page

Our systems have detected unusual traffic from your computer network. This page checks to see if it's really you sending the requests, and not a robot. Why did this happen?



IP address: 104.28.211.189
Time: 2026-06-03T09:51:32Z
URL: https://www.google.com/search?q=00700+00700+%E4%B8%BB%E8%90%A5%E4%B8%9A%E5%8A%A1+%E5%B9%B4%E6%8A%A5&sei=I_kf",https://www.google.com/search?q=00700+00700+%E4%B8%BB%E8%90%A5%E4%B8%9A%E5%8A%A1+%E5%B9%B4%E6%8A%A5,"About this page

Our systems have detected unusual traffic from your computer network. This page checks to see if it's really you sending the requests, and not a robot. Why did this happen?



IP address: 104.28.211.189
Time: 2026-06-03T09:51:32Z
URL: https://www.google.com/search?q=00700+00700+%E4%B8%BB%E8%90%A5%E4%B8%9A%E5%8A%A1+%E5%B9%B4%E6%8A%A5&sei=I_kfapuYEpSikdUP_N7-kAc",2026-06-03T09:51:32.831982
00700,HK,playwright_search,query=00700 00700 主营业务 年报; rank=1; title=IMAGES,rank=1; url=https://www.bing.com/ck/a?!&&p=23fe04c0a18230087e9050220c1e64bf242de0f10c8c707d21bb309f6330c0afJmltdHM9MTc4MDQ0NDgwMA&ptn=3&ver=2&hsh=4&fclid=29898f59-1a4b-6fe3-25b9-98341b656ea2&u=a1L2ltYWdlcy9zZWFyY2g_cT0wMDcwMCswMDcwMCslZTQlYjglYmIlZTglOTAlYTUlZTQlYjglOWElZTUlOGElYTErJWU1JWI5JWI0JWU2JThhJWE1JkZPUk09SERSU0My&ntb=1; hash=fa5f2a9f06601c55; snippet=IMAGES,https://www.bing.com/ck/a?!&&p=23fe04c0a18230087e9050220c1e64bf242de0f10c8c707d21bb309f6330c0afJmltdHM9MTc4MDQ0NDgwMA&ptn=3&ver=2&hsh=4&fclid=29898f59-1a4b-6fe3-25b9-98341b656ea2&u=a1L2ltYWdlcy9zZWFyY2g_cT0wMDcwMCswMDcwMCslZTQlYjglYmIlZTglOTAlYTUlZTQlYjglOWElZTUlOGElYTErJWU1JWI5JWI0JWU2JThhJWE1JkZPUk09SERSU0My&ntb=1,IMAGES,2026-06-03T10:44:27.533032
00700,HK,playwright_search,query=00700 00700 主营业务 年报; rank=2; title=VIDEOS,rank=2; url=https://www.bing.com/ck/a?!&&p=61022889c2125d81fde3d465393efc79425db7a67e883818740217deea1dcbc3JmltdHM9MTc4MDQ0NDgwMA&ptn=3&ver=2&hsh=4&fclid=29898f59-1a4b-6fe3-25b9-98341b656ea2&u=a1L3ZpZGVvcy9zZWFyY2g_cT0wMDcwMCswMDcwMCslZTQlYjglYmIlZTglOTAlYTUlZTQlYjglOWElZTUlOGElYTErJWU1JWI5JWI0JWU2JThhJWE1JkZPUk09SERSU0Mz&ntb=1; hash=ebafcf4d3769a602; snippet=VIDEOS,https://www.bing.com/ck/a?!&&p=61022889c2125d81fde3d465393efc79425db7a67e883818740217deea1dcbc3JmltdHM9MTc4MDQ0NDgwMA&ptn=3&ver=2&hsh=4&fclid=29898f59-1a4b-6fe3-25b9-98341b656ea2&u=a1L3ZpZGVvcy9zZWFyY2g_cT0wMDcwMCswMDcwMCslZTQlYjglYmIlZTglOTAlYTUlZTQlYjglOWElZTUlOGElYTErJWU1JWI5JWI0JWU2JThhJWE1JkZPUk09SERSU0Mz&ntb=1,VIDEOS,2026-06-03T10:44:27.535053
00700,HK,playwright_search,query=00700 00700 主营业务 年报; rank=3; title=MAPS,rank=3; url=https://www.bing.com/ck/a?!&&p=b764f3ab7fe369299479f0d8910482225de7ac8675f7e1aa17f53b623d46f00bJmltdHM9MTc4MDQ0NDgwMA&ptn=3&ver=2&hsh=4&fclid=29898f59-1a4b-6fe3-25b9-98341b656ea2&u=a1L21hcHM_cT0wMDcwMCswMDcwMCslZTQlYjglYmIlZTglOTAlYTUlZTQlYjglOWElZTUlOGElYTErJWU1JWI5JWI0JWU2JThhJWE1JkZPUk09SERSU0M0&ntb=1; hash=31b25bd5eea94c2b; snippet=MAPS,https://www.bing.com/ck/a?!&&p=b764f3ab7fe369299479f0d8910482225de7ac8675f7e1aa17f53b623d46f00bJmltdHM9MTc4MDQ0NDgwMA&ptn=3&ver=2&hsh=4&fclid=29898f59-1a4b-6fe3-25b9-98341b656ea2&u=a1L21hcHM_cT0wMDcwMCswMDcwMCslZTQlYjglYmIlZTglOTAlYTUlZTQlYjglOWElZTUlOGElYTErJWU1JWI5JWI0JWU2JThhJWE1JkZPUk09SERSU0M0&ntb=1,MAPS,2026-06-03T10:44:27.537438
00700,HK,playwright_search,query=00700 00700 主营业务 年报; rank=4; title=News,rank=4; url=https://www.bing.com/ck/a?!&&p=7e231067ce37e177e1de5dc405fd27c8543ad77856e1f9c668855e233f39a89bJmltdHM9MTc4MDQ0NDgwMA&ptn=3&ver=2&hsh=4&fclid=29898f59-1a4b-6fe3-25b9-98341b656ea2&u=a1L25ld3Mvc2VhcmNoP3E9MDA3MDArMDA3MDArJWU0JWI4JWJiJWU4JTkwJWE1JWU0JWI4JTlhJWU1JThhJWExKyVlNSViOSViNCVlNiU4YSVhNSZGT1JNPUhEUlNDNg&ntb=1; hash=6efe4e57e5b58185; snippet=News,https://www.bing.com/ck/a?!&&p=7e231067ce37e177e1de5dc405fd27c8543ad77856e1f9c668855e233f39a89bJmltdHM9MTc4MDQ0NDgwMA&ptn=3&ver=2&hsh=4&fclid=29898f59-1a4b-6fe3-25b9-98341b656ea2&u=a1L25ld3Mvc2VhcmNoP3E9MDA3MDArMDA3MDArJWU0JWI4JWJiJWU4JTkwJWE1JWU0JWI4JTlhJWU1JThhJWExKyVlNSViOSViNCVlNiU4YSVhNSZGT1JNPUhEUlNDNg&ntb=1,News,2026-06-03T10:44:27.541367
00700,HK,playwright_search,query=00700 00700 主营业务 年报; rank=5; title=Flights,rank=5; url=https://www.bing.com/ck/a?!&&p=6f4e61e60d48dbcb5a12e6123d6c5ed3259b32f7eecfbe8857f3b36dadacdcc5JmltdHM9MTc4MDQ0NDgwMA&ptn=3&ver=2&hsh=4&fclid=29898f59-1a4b-6fe3-25b9-98341b656ea2&u=a1L3RyYXZlbC9zZWFyY2g_cT0wMDcwMCswMDcwMCslZTQlYjglYmIlZTglOTAlYTUlZTQlYjglOWElZTUlOGElYTErJWU1JWI5JWI0JWU2JThhJWE1Jm09ZmxpZ2h0cyZGT1JNPUZCU0NPUA&ntb=1; hash=a4d7609ce8caa553; snippet=Flights,https://www.bing.com/ck/a?!&&p=6f4e61e60d48dbcb5a12e6123d6c5ed3259b32f7eecfbe8857f3b36dadacdcc5JmltdHM9MTc4MDQ0NDgwMA&ptn=3&ver=2&hsh=4&fclid=29898f59-1a4b-6fe3-25b9-98341b656ea2&u=a1L3RyYXZlbC9zZWFyY2g_cT0wMDcwMCswMDcwMCslZTQlYjglYmIlZTglOTAlYTUlZTQlYjglOWElZTUlOGElYTErJWU1JWI5JWI0JWU2JThhJWE1Jm09ZmxpZ2h0cyZGT1JNPUZCU0NPUA&ntb=1,Flights,2026-06-03T10:44:27.543591
00700,HK,playwright_search,query=00700 00700 company profile business segments; rank=1; title=增值电信业务经营许可证：合字B2-20090007,rank=1; url=https://dxzhgl.miit.gov.cn/dxxzsp/xkz/xkzgl/resource/qiyereport.jsp?num=caf04fa4-bd8a-4d9e-80b6-2aa1b86c1509&type=yreport; hash=00811451784931c4; snippet=增值电信业务经营许可证：合字B2-20090007,https://dxzhgl.miit.gov.cn/dxxzsp/xkz/xkzgl/resource/qiyereport.jsp?num=caf04fa4-bd8a-4d9e-80b6-2aa1b86c1509&type=yreport,增值电信业务经营许可证：合字B2-20090007,2026-06-03T10:44:31.378382
00700,HK,playwright_search,query=00700 00700 company profile business segments; rank=2; title=京ICP备10036305号-7,rank=2; url=https://beian.miit.gov.cn; hash=d4576cae9d77cc8b; snippet=京ICP备10036305号-7,https://beian.miit.gov.cn,京ICP备10036305号-7,2026-06-03T10:44:31.381494
00700,HK,playwright_search,query=00700 00700 company profile business segments; rank=3; title=京公网安备11010802047360号,rank=3; url=https://beian.mps.gov.cn/#/query/webSearch?code=11010802047360; hash=f0319fae06fb127b; snippet=京公网安备11010802047360号,https://beian.mps.gov.cn/#/query/webSearch?code=11010802047360,京公网安备11010802047360号,2026-06-03T10:44:31.385225
00883,HK,playwright_search,query=00883 00883 主营业务 年报; rank=1; title=IMAGES,rank=1; url=https://www.bing.com/ck/a?!&&p=e02733404ffa335cbbeaa2d5874023c273cad0e290fff8fb3223a9e07a2fb0c8JmltdHM9MTc4MDQ0NDgwMA&ptn=3&ver=2&hsh=4&fclid=1a9815f7-b6b3-6957-1b76-029ab7c86880&u=a1L2ltYWdlcy9zZWFyY2g_cT0wMDg4MyswMDg4MyslZTQlYjglYmIlZTglOTAlYTUlZTQlYjglOWElZTUlOGElYTErJWU1JWI5JWI0JWU2JThhJWE1JkZPUk09SERSU0My&ntb=1; hash=a3bfe41a789219af; snippet=IMAGES,https://www.bing.com/ck/a?!&&p=e02733404ffa335cbbeaa2d5874023c273cad0e290fff8fb3223a9e07a2fb0c8JmltdHM9MTc4MDQ0NDgwMA&ptn=3&ver=2&hsh=4&fclid=1a9815f7-b6b3-6957-1b76-029ab7c86880&u=a1L2ltYWdlcy9zZWFyY2g_cT0wMDg4MyswMDg4MyslZTQlYjglYmIlZTglOTAlYTUlZTQlYjglOWElZTUlOGElYTErJWU1JWI5JWI0JWU2JThhJWE1JkZPUk09SERSU0My&ntb=1,IMAGES,2026-06-03T10:44:35.583862
00883,HK,playwright_search,query=00883 00883 主营业务 年报; rank=2; title=VIDEOS,rank=2; url=https://www.bing.com/ck/a?!&&p=41bb2535402710e9c044e2d134ac1f0214fded46de4eb0dc7352777cbfef0fa2JmltdHM9MTc4MDQ0NDgwMA&ptn=3&ver=2&hsh=4&fclid=1a9815f7-b6b3-6957-1b76-029ab7c86880&u=a1L3ZpZGVvcy9zZWFyY2g_cT0wMDg4MyswMDg4MyslZTQlYjglYmIlZTglOTAlYTUlZTQlYjglOWElZTUlOGElYTErJWU1JWI5JWI0JWU2JThhJWE1JkZPUk09SERSU0Mz&ntb=1; hash=75340a6ee3f80944; snippet=VIDEOS,https://www.bing.com/ck/a?!&&p=41bb2535402710e9c044e2d134ac1f0214fded46de4eb0dc7352777cbfef0fa2JmltdHM9MTc4MDQ0NDgwMA&ptn=3&ver=2&hsh=4&fclid=1a9815f7-b6b3-6957-1b76-029ab7c86880&u=a1L3ZpZGVvcy9zZWFyY2g_cT0wMDg4MyswMDg4MyslZTQlYjglYmIlZTglOTAlYTUlZTQlYjglOWElZTUlOGElYTErJWU1JWI5JWI0JWU2JThhJWE1JkZPUk09SERSU0Mz&ntb=1,VIDEOS,2026-06-03T10:44:35.586572
00883,HK,playwright_search,query=00883 00883 主营业务 年报; rank=3; title=MAPS,rank=3; url=https://www.bing.com/ck/a?!&&p=ad9439ef6c58d54e3e4559c50c2f81c112ffaccee1f5c1c9fef0e318ed80d44eJmltdHM9MTc4MDQ0NDgwMA&ptn=3&ver=2&hsh=4&fclid=1a9815f7-b6b3-6957-1b76-029ab7c86880&u=a1L21hcHM_cT0wMDg4MyswMDg4MyslZTQlYjglYmIlZTglOTAlYTUlZTQlYjglOWElZTUlOGElYTErJWU1JWI5JWI0JWU2JThhJWE1JkZPUk09SERSU0M0&ntb=1; hash=21ed727f098e3a2c; snippet=MAPS,https://www.bing.com/ck/a?!&&p=ad9439ef6c58d54e3e4559c50c2f81c112ffaccee1f5c1c9fef0e318ed80d44eJmltdHM9MTc4MDQ0NDgwMA&ptn=3&ver=2&hsh=4&fclid=1a9815f7-b6b3-6957-1b76-029ab7c86880&u=a1L21hcHM_cT0wMDg4MyswMDg4MyslZTQlYjglYmIlZTglOTAlYTUlZTQlYjglOWElZTUlOGElYTErJWU1JWI5JWI0JWU2JThhJWE1JkZPUk09SERSU0M0&ntb=1,MAPS,2026-06-03T10:44:35.589218
00883,HK,playwright_search,query=00883 00883 主营业务 年报; rank=4; title=News,rank=4; url=https://www.bing.com/ck/a?!&&p=dbf65566bc20595bde5d1e479a6a15bcc8b585f18c9401aca4c08eaee2ad1f14JmltdHM9MTc4MDQ0NDgwMA&ptn=3&ver=2&hsh=4&fclid=1a9815f7-b6b3-6957-1b76-029ab7c86880&u=a1L25ld3Mvc2VhcmNoP3E9MDA4ODMrMDA4ODMrJWU0JWI4JWJiJWU4JTkwJWE1JWU0JWI4JTlhJWU1JThhJWExKyVlNSViOSViNCVlNiU4YSVhNSZGT1JNPUhEUlNDNg&ntb=1; hash=fb97fd5891581990; snippet=News,https://www.bing.com/ck/a?!&&p=dbf65566bc20595bde5d1e479a6a15bcc8b585f18c9401aca4c08eaee2ad1f14JmltdHM9MTc4MDQ0NDgwMA&ptn=3&ver=2&hsh=4&fclid=1a9815f7-b6b3-6957-1b76-029ab7c86880&u=a1L25ld3Mvc2VhcmNoP3E9MDA4ODMrMDA4ODMrJWU0JWI4JWJiJWU4JTkwJWE1JWU0JWI4JTlhJWU1JThhJWExKyVlNSViOSViNCVlNiU4YSVhNSZGT1JNPUhEUlNDNg&ntb=1,News,2026-06-03T10:44:35.594733
00883,HK,playwright_search,query=00883 00883 主营业务 年报; rank=5; title=Flights,rank=5; url=https://www.bing.com/ck/a?!&&p=89300006fd4c7fd83b97d3e8d9e844ab9ab16c10acc7cd4e7b3f3c1fb248680cJmltdHM9MTc4MDQ0NDgwMA&ptn=3&ver=2&hsh=4&fclid=1a9815f7-b6b3-6957-1b76-029ab7c86880&u=a1L3RyYXZlbC9zZWFyY2g_cT0wMDg4MyswMDg4MyslZTQlYjglYmIlZTglOTAlYTUlZTQlYjglOWElZTUlOGElYTErJWU1JWI5JWI0JWU2JThhJWE1Jm09ZmxpZ2h0cyZGT1JNPUZCU0NPUA&ntb=1; hash=5dce683a0ba4ce94; snippet=Flights,https://www.bing.com/ck/a?!&&p=89300006fd4c7fd83b97d3e8d9e844ab9ab16c10acc7cd4e7b3f3c1fb248680cJmltdHM9MTc4MDQ0NDgwMA&ptn=3&ver=2&hsh=4&fclid=1a9815f7-b6b3-6957-1b76-029ab7c86880&u=a1L3RyYXZlbC9zZWFyY2g_cT0wMDg4MyswMDg4MyslZTQlYjglYmIlZTglOTAlYTUlZTQlYjglOWElZTUlOGElYTErJWU1JWI5JWI0JWU2JThhJWE1Jm09ZmxpZ2h0cyZGT1JNPUZCU0NPUA&ntb=1,Flights,2026-06-03T10:44:35.597098
00883,HK,playwright_search,query=00883 00883 company profile business segments; rank=0; title=search_error,"rank=0; url=https://www.bing.com/search?q=00883+00883+company+profile+business+segments; hash=dcb93ea9a796cbf9; snippet=Page.goto: net::ERR_ABORTED at https://www.bing.com/search?q=00883+00883+company+profile+business+segments
Call log:
  - navigating to ""https://www.bing.com/search?q=00883+00883+company+profile+business+segments"", waiting until ""domcontentloaded""",https://www.bing.com/search?q=00883+00883+company+profile+business+segments,"Page.goto: net::ERR_ABORTED at https://www.bing.com/search?q=00883+00883+company+profile+business+segments
Call log:
  - navigating to ""https://www.bing.com/search?q=00883+00883+company+profile+business+segments"", waiting until ""domcontentloaded""",2026-06-03T10:44:35.719758
00883,HK,playwright_search,query=00883 00883 港交所 公告 年报; rank=0; title=search_error,"rank=0; url=https://www.bing.com/search?q=00883+00883+%E6%B8%AF%E4%BA%A4%E6%89%80+%E5%85%AC%E5%91%8A+%E5%B9%B4%E6%8A%A5; hash=72e4ef358f050cce; snippet=Page.goto: net::ERR_TOO_MANY_REDIRECTS at https://www.bing.com/search?q=00883+00883+%E6%B8%AF%E4%BA%A4%E6%89%80+%E5%85%AC%E5%91%8A+%E5%B9%B4%E6%8A%A5
Call log:
  - navigating to ""https://www.bing.com/search?q=00883+00883+%E6%B8%AF%E4%BA%A4%E6%89%80+%E5%85%AC%E5%91%8A+%E5%B9%B4%E6%8A%A5"", waiting until ""domcontentloaded""",https://www.bing.com/search?q=00883+00883+%E6%B8%AF%E4%BA%A4%E6%89%80+%E5%85%AC%E5%91%8A+%E5%B9%B4%E6%8A%A5,"Page.goto: net::ERR_TOO_MANY_REDIRECTS at https://www.bing.com/search?q=00883+00883+%E6%B8%AF%E4%BA%A4%E6%89%80+%E5%85%AC%E5%91%8A+%E5%B9%B4%E6%8A%A5
Call log:
  - navigating to ""https://www.bing.com/search?q=00883+00883+%E6%B8%AF%E4%BA%A4%E6%89%80+%E5%85%AC%E5%91%8A+%E5%B9%B4%E6%8A%A5"", waiting until ""domcontentloaded""",2026-06-03T10:44:41.744663
00883,HK,playwright_search,query=00883 00883 AI 云服务 游戏 铜矿 铁矿 稳定币; rank=0; title=search_error,"rank=0; url=https://www.bing.com/search?q=00883+00883+AI+%E4%BA%91%E6%9C%8D%E5%8A%A1+%E6%B8%B8%E6%88%8F+%E9%93%9C%E7%9F%BF+%E9%93%81%E7%9F%BF+%E7%A8%B3%E5%AE%9A%E5%B8%81; hash=700a5b6d7f363359; snippet=Page.goto: Navigation to ""https://www.bing.com/search?q=00883+00883+AI+%E4%BA%91%E6%9C%8D%E5%8A%A1+%E6%B8%B8%E6%88%8F+%E9%93%9C%E7%9F%BF+%E9%93%81%E7%9F%BF+%E7%A8%B3%E5%AE%9A%E5%B8%81"" is interrupted by another navigation to ""chrome-error://chromewebdata/""
Call log:
  - navigating to ""https://www.bing.com/search?q=00883+00883+AI+%E4%BA%91%E6%9C%8D%E5%8A%A1+%",https://www.bing.com/search?q=00883+00883+AI+%E4%BA%91%E6%9C%8D%E5%8A%A1+%E6%B8%B8%E6%88%8F+%E9%93%9C%E7%9F%BF+%E9%93%81%E7%9F%BF+%E7%A8%B3%E5%AE%9A%E5%B8%81,"Page.goto: Navigation to ""https://www.bing.com/search?q=00883+00883+AI+%E4%BA%91%E6%9C%8D%E5%8A%A1+%E6%B8%B8%E6%88%8F+%E9%93%9C%E7%9F%BF+%E9%93%81%E7%9F%BF+%E7%A8%B3%E5%AE%9A%E5%B8%81"" is interrupted by another navigation to ""chrome-error://chromewebdata/""
Call log:
  - navigating to ""https://www.bing.com/search?q=00883+00883+AI+%E4%BA%91%E6%9C%8D%E5%8A%A1+%E6%B8%B8%E6%88%8F+%E9%93%9C%E7%9F%BF+%E9%93%81%E7%9F%BF+%E7%A8%B3%E5%AE%9A%E5%B8%81"", waiting until ""domcontentloaded""",2026-06-03T10:44:42.129374
01208,HK,playwright_search,query=01208 01208 主营业务 年报; rank=1; title=IMAGES,rank=1; url=https://www.bing.com/ck/a?!&&p=18051487fcbd4d76499cbfed75fa35bf548ee1d225506244064b2059aff90157JmltdHM9MTc4MDQ0NDgwMA&ptn=3&ver=2&hsh=4&fclid=0884be7e-60ca-6cf2-3c00-a913614f6de1&u=a1L2ltYWdlcy9zZWFyY2g_cT0wMTIwOCswMTIwOCslZTQlYjglYmIlZTglOTAlYTUlZTQlYjglOWElZTUlOGElYTErJWU1JWI5JWI0JWU2JThhJWE1JkZPUk09SERSU0My&ntb=1; hash=f5210c65a2d2031d; snippet=IMAGES,https://www.bing.com/ck/a?!&&p=18051487fcbd4d76499cbfed75fa35bf548ee1d225506244064b2059aff90157JmltdHM9MTc4MDQ0NDgwMA&ptn=3&ver=2&hsh=4&fclid=0884be7e-60ca-6cf2-3c00-a913614f6de1&u=a1L2ltYWdlcy9zZWFyY2g_cT0wMTIwOCswMTIwOCslZTQlYjglYmIlZTglOTAlYTUlZTQlYjglOWElZTUlOGElYTErJWU1JWI5JWI0JWU2JThhJWE1JkZPUk09SERSU0My&ntb=1,IMAGES,2026-06-03T10:44:44.880064
01208,HK,playwright_search,query=01208 01208 主营业务 年报; rank=2; title=VIDEOS,rank=2; url=https://www.bing.com/ck/a?!&&p=5432ad7e703f9626970fa726667706f92933f98ae13b6fcbc56caead7563750dJmltdHM9MTc4MDQ0NDgwMA&ptn=3&ver=2&hsh=4&fclid=0884be7e-60ca-6cf2-3c00-a913614f6de1&u=a1L3ZpZGVvcy9zZWFyY2g_cT0wMTIwOCswMTIwOCslZTQlYjglYmIlZTglOTAlYTUlZTQlYjglOWElZTUlOGElYTErJWU1JWI5JWI0JWU2JThhJWE1JkZPUk09SERSU0Mz&ntb=1; hash=322917112e5a0b7c; snippet=VIDEOS,https://www.bing.com/ck/a?!&&p=5432ad7e703f9626970fa726667706f92933f98ae13b6fcbc56caead7563750dJmltdHM9MTc4MDQ0NDgwMA&ptn=3&ver=2&hsh=4&fclid=0884be7e-60ca-6cf2-3c00-a913614f6de1&u=a1L3ZpZGVvcy9zZWFyY2g_cT0wMTIwOCswMTIwOCslZTQlYjglYmIlZTglOTAlYTUlZTQlYjglOWElZTUlOGElYTErJWU1JWI5JWI0JWU2JThhJWE1JkZPUk09SERSU0Mz&ntb=1,VIDEOS,2026-06-03T10:44:44.883563
01208,HK,playwright_search,query=01208 01208 主营业务 年报; rank=3; title=MAPS,rank=3; url=https://www.bing.com/ck/a?!&&p=b64115e57296ca2a67b2e85a54b48d773bdaf3e9c4c63e97573bdcec4ff6ab29JmltdHM9MTc4MDQ0NDgwMA&ptn=3&ver=2&hsh=4&fclid=0884be7e-60ca-6cf2-3c00-a913614f6de1&u=a1L21hcHM_cT0wMTIwOCswMTIwOCslZTQlYjglYmIlZTglOTAlYTUlZTQlYjglOWElZTUlOGElYTErJWU1JWI5JWI0JWU2JThhJWE1JkZPUk09SERSU0M0&ntb=1; hash=7a576e75e1e53c0f; snippet=MAPS,https://www.bing.com/ck/a?!&&p=b64115e57296ca2a67b2e85a54b48d773bdaf3e9c4c63e97573bdcec4ff6ab29JmltdHM9MTc4MDQ0NDgwMA&ptn=3&ver=2&hsh=4&fclid=0884be7e-60ca-6cf2-3c00-a913614f6de1&u=a1L21hcHM_cT0wMTIwOCswMTIwOCslZTQlYjglYmIlZTglOTAlYTUlZTQlYjglOWElZTUlOGElYTErJWU1JWI5JWI0JWU2JThhJWE1JkZPUk09SERSU0M0&ntb=1,MAPS,2026-06-03T10:44:44.886813
01208,HK,playwright_search,query=01208 01208 主营业务 年报; rank=4; title=News,rank=4; url=https://www.bing.com/ck/a?!&&p=ed8e745ddee7c196db5d29d8f315041fc026b7a5616b5f2b52e6ed908483b9ebJmltdHM9MTc4MDQ0NDgwMA&ptn=3&ver=2&hsh=4&fclid=0884be7e-60ca-6cf2-3c00-a913614f6de1&u=a1L25ld3Mvc2VhcmNoP3E9MDEyMDgrMDEyMDgrJWU0JWI4JWJiJWU4JTkwJWE1JWU0JWI4JTlhJWU1JThhJWExKyVlNSViOSViNCVlNiU4YSVhNSZGT1JNPUhEUlNDNg&ntb=1; hash=1e0a484ebde800ae; snippet=News,https://www.bing.com/ck/a?!&&p=ed8e745ddee7c196db5d29d8f315041fc026b7a5616b5f2b52e6ed908483b9ebJmltdHM9MTc4MDQ0NDgwMA&ptn=3&ver=2&hsh=4&fclid=0884be7e-60ca-6cf2-3c00-a913614f6de1&u=a1L25ld3Mvc2VhcmNoP3E9MDEyMDgrMDEyMDgrJWU0JWI4JWJiJWU4JTkwJWE1JWU0JWI4JTlhJWU1JThhJWExKyVlNSViOSViNCVlNiU4YSVhNSZGT1JNPUhEUlNDNg&ntb=1,News,2026-06-03T10:44:44.892776
01208,HK,playwright_search,query=01208 01208 主营业务 年报; rank=5; title=Flights,rank=5; url=https://www.bing.com/ck/a?!&&p=ab027baf84be86ae5df828ca86e6e2af82c7c75bdea7a499aebc258b95bafe0eJmltdHM9MTc4MDQ0NDgwMA&ptn=3&ver=2&hsh=4&fclid=0884be7e-60ca-6cf2-3c00-a913614f6de1&u=a1L3RyYXZlbC9zZWFyY2g_cT0wMTIwOCswMTIwOCslZTQlYjglYmIlZTglOTAlYTUlZTQlYjglOWElZTUlOGElYTErJWU1JWI5JWI0JWU2JThhJWE1Jm09ZmxpZ2h0cyZGT1JNPUZCU0NPUA&ntb=1; hash=c0105a5bc18aff6e; snippet=Flights,https://www.bing.com/ck/a?!&&p=ab027baf84be86ae5df828ca86e6e2af82c7c75bdea7a499aebc258b95bafe0eJmltdHM9MTc4MDQ0NDgwMA&ptn=3&ver=2&hsh=4&fclid=0884be7e-60ca-6cf2-3c00-a913614f6de1&u=a1L3RyYXZlbC9zZWFyY2g_cT0wMTIwOCswMTIwOCslZTQlYjglYmIlZTglOTAlYTUlZTQlYjglOWElZTUlOGElYTErJWU1JWI5JWI0JWU2JThhJWE1Jm09ZmxpZ2h0cyZGT1JNPUZCU0NPUA&ntb=1,Flights,2026-06-03T10:44:44.895461
01208,HK,playwright_search,query=01208 01208 company profile business segments; rank=0; title=search_error,"rank=0; url=https://www.bing.com/search?q=01208+01208+company+profile+business+segments; hash=fa8bd6f801092b31; snippet=Page.goto: net::ERR_ABORTED at https://www.bing.com/search?q=01208+01208+company+profile+business+segments
Call log:
  - navigating to ""https://www.bing.com/search?q=01208+01208+company+profile+business+segments"", waiting until ""domcontentloaded""",https://www.bing.com/search?q=01208+01208+company+profile+business+segments,"Page.goto: net::ERR_ABORTED at https://www.bing.com/search?q=01208+01208+company+profile+business+segments
Call log:
  - navigating to ""https://www.bing.com/search?q=01208+01208+company+profile+business+segments"", waiting until ""domcontentloaded""",2026-06-03T10:44:45.020199
01208,HK,playwright_search,query=01208 01208 港交所 公告 年报; rank=0; title=search_page_snapshot,"rank=0; url=https://www.bing.com/search?q=01208+01208+%E6%B8%AF%E4%BA%A4%E6%89%80+%E5%85%AC%E5%91%8A+%E5%B9%B4%E6%8A%A5; hash=9d5093453db1b419; snippet=跳至内容
辅助功能反馈
Rewards
国内版国际版
网页图片视频学术词典地图
更多
增值电信业务经营许可证：合字B2-20090007
京ICP备10036305号-7
京公网安备11010802047360号


隐私
条款",https://www.bing.com/search?q=01208+01208+%E6%B8%AF%E4%BA%A4%E6%89%80+%E5%85%AC%E5%91%8A+%E5%B9%B4%E6%8A%A5,"跳至内容
辅助功能反馈
Rewards
国内版国际版
网页图片视频学术词典地图
更多
增值电信业务经营许可证：合字B2-20090007
京ICP备10036305号-7
京公网安备11010802047360号


隐私
条款",2026-06-03T10:44:45.623620
01208,HK,playwright_search,query=01208 01208 AI 云服务 游戏 铜矿 铁矿 稳定币; rank=0; title=search_error,"rank=0; url=https://www.bing.com/search?q=01208+01208+AI+%E4%BA%91%E6%9C%8D%E5%8A%A1+%E6%B8%B8%E6%88%8F+%E9%93%9C%E7%9F%BF+%E9%93%81%E7%9F%BF+%E7%A8%B3%E5%AE%9A%E5%B8%81; hash=a67e3f6d0cc7da09; snippet=Page.goto: net::ERR_ABORTED at https://www.bing.com/search?q=01208+01208+AI+%E4%BA%91%E6%9C%8D%E5%8A%A1+%E6%B8%B8%E6%88%8F+%E9%93%9C%E7%9F%BF+%E9%93%81%E7%9F%BF+%E7%A8%B3%E5%AE%9A%E5%B8%81
Call log:
  - navigating to ""https://www.bing.com/search?q=01208+01208+AI+%E4%BA%91%E6%9C%8D%E5%8A%A1+%E6%B8%B8%E6%88%8F+%E9%93%9C%E7%9F%BF+%E9%93%81%E7%9F%BF+%E7%A8%B3%E5",https://www.bing.com/search?q=01208+01208+AI+%E4%BA%91%E6%9C%8D%E5%8A%A1+%E6%B8%B8%E6%88%8F+%E9%93%9C%E7%9F%BF+%E9%93%81%E7%9F%BF+%E7%A8%B3%E5%AE%9A%E5%B8%81,"Page.goto: net::ERR_ABORTED at https://www.bing.com/search?q=01208+01208+AI+%E4%BA%91%E6%9C%8D%E5%8A%A1+%E6%B8%B8%E6%88%8F+%E9%93%9C%E7%9F%BF+%E9%93%81%E7%9F%BF+%E7%A8%B3%E5%AE%9A%E5%B8%81
Call log:
  - navigating to ""https://www.bing.com/search?q=01208+01208+AI+%E4%BA%91%E6%9C%8D%E5%8A%A1+%E6%B8%B8%E6%88%8F+%E9%93%9C%E7%9F%BF+%E9%93%81%E7%9F%BF+%E7%A8%B3%E5%AE%9A%E5%B8%81"", waiting until ""domcontentloaded""",2026-06-03T10:44:45.653307
03690,HK,playwright_search,query=03690 03690 主营业务 年报; rank=1; title=IMAGES,rank=1; url=https://www.bing.com/ck/a?!&&p=6b751abb3afda910f694523b8cfd6d1ce1eb7eeb8bac14f2c675b811ed8e6ed3JmltdHM9MTc4MDQ0NDgwMA&ptn=3&ver=2&hsh=4&fclid=1e23cba3-ca7b-6084-2834-dccecb0061a2&u=a1L2ltYWdlcy9zZWFyY2g_cT0wMzY5MCswMzY5MCslZTQlYjglYmIlZTglOTAlYTUlZTQlYjglOWElZTUlOGElYTErJWU1JWI5JWI0JWU2JThhJWE1JkZPUk09SERSU0My&ntb=1; hash=d4478e77a73d322a; snippet=IMAGES,https://www.bing.com/ck/a?!&&p=6b751abb3afda910f694523b8cfd6d1ce1eb7eeb8bac14f2c675b811ed8e6ed3JmltdHM9MTc4MDQ0NDgwMA&ptn=3&ver=2&hsh=4&fclid=1e23cba3-ca7b-6084-2834-dccecb0061a2&u=a1L2ltYWdlcy9zZWFyY2g_cT0wMzY5MCswMzY5MCslZTQlYjglYmIlZTglOTAlYTUlZTQlYjglOWElZTUlOGElYTErJWU1JWI5JWI0JWU2JThhJWE1JkZPUk09SERSU0My&ntb=1,IMAGES,2026-06-03T10:44:47.814504
03690,HK,playwright_search,query=03690 03690 主营业务 年报; rank=2; title=VIDEOS,rank=2; url=https://www.bing.com/ck/a?!&&p=fe10b74771fa81d9d3601ac640d1424e859ed63a6473a7d6c4d9877cfc4c95c1JmltdHM9MTc4MDQ0NDgwMA&ptn=3&ver=2&hsh=4&fclid=1e23cba3-ca7b-6084-2834-dccecb0061a2&u=a1L3ZpZGVvcy9zZWFyY2g_cT0wMzY5MCswMzY5MCslZTQlYjglYmIlZTglOTAlYTUlZTQlYjglOWElZTUlOGElYTErJWU1JWI5JWI0JWU2JThhJWE1JkZPUk09SERSU0Mz&ntb=1; hash=d3b122ec9ce9665d; snippet=VIDEOS,https://www.bing.com/ck/a?!&&p=fe10b74771fa81d9d3601ac640d1424e859ed63a6473a7d6c4d9877cfc4c95c1JmltdHM9MTc4MDQ0NDgwMA&ptn=3&ver=2&hsh=4&fclid=1e23cba3-ca7b-6084-2834-dccecb0061a2&u=a1L3ZpZGVvcy9zZWFyY2g_cT0wMzY5MCswMzY5MCslZTQlYjglYmIlZTglOTAlYTUlZTQlYjglOWElZTUlOGElYTErJWU1JWI5JWI0JWU2JThhJWE1JkZPUk09SERSU0Mz&ntb=1,VIDEOS,2026-06-03T10:44:47.818920
03690,HK,playwright_search,query=03690 03690 主营业务 年报; rank=3; title=MAPS,rank=3; url=https://www.bing.com/ck/a?!&&p=4b499eca3b01ba7f1024d3dd5f9544c774a0e227537029776ba67df547a4205fJmltdHM9MTc4MDQ0NDgwMA&ptn=3&ver=2&hsh=4&fclid=1e23cba3-ca7b-6084-2834-dccecb0061a2&u=a1L21hcHM_cT0wMzY5MCswMzY5MCslZTQlYjglYmIlZTglOTAlYTUlZTQlYjglOWElZTUlOGElYTErJWU1JWI5JWI0JWU2JThhJWE1JkZPUk09SERSU0M0&ntb=1; hash=158f78432692f179; snippet=MAPS,https://www.bing.com/ck/a?!&&p=4b499eca3b01ba7f1024d3dd5f9544c774a0e227537029776ba67df547a4205fJmltdHM9MTc4MDQ0NDgwMA&ptn=3&ver=2&hsh=4&fclid=1e23cba3-ca7b-6084-2834-dccecb0061a2&u=a1L21hcHM_cT0wMzY5MCswMzY5MCslZTQlYjglYmIlZTglOTAlYTUlZTQlYjglOWElZTUlOGElYTErJWU1JWI5JWI0JWU2JThhJWE1JkZPUk09SERSU0M0&ntb=1,MAPS,2026-06-03T10:44:47.822323
03690,HK,playwright_search,query=03690 03690 主营业务 年报; rank=4; title=News,rank=4; url=https://www.bing.com/ck/a?!&&p=947dc41b34caa9405c3c86087dc0964fd2c8953afb1474eebd00586408bcdfb8JmltdHM9MTc4MDQ0NDgwMA&ptn=3&ver=2&hsh=4&fclid=1e23cba3-ca7b-6084-2834-dccecb0061a2&u=a1L25ld3Mvc2VhcmNoP3E9MDM2OTArMDM2OTArJWU0JWI4JWJiJWU4JTkwJWE1JWU0JWI4JTlhJWU1JThhJWExKyVlNSViOSViNCVlNiU4YSVhNSZGT1JNPUhEUlNDNg&ntb=1; hash=26cf6abb32d691fa; snippet=News,https://www.bing.com/ck/a?!&&p=947dc41b34caa9405c3c86087dc0964fd2c8953afb1474eebd00586408bcdfb8JmltdHM9MTc4MDQ0NDgwMA&ptn=3&ver=2&hsh=4&fclid=1e23cba3-ca7b-6084-2834-dccecb0061a2&u=a1L25ld3Mvc2VhcmNoP3E9MDM2OTArMDM2OTArJWU0JWI4JWJiJWU4JTkwJWE1JWU0JWI4JTlhJWU1JThhJWExKyVlNSViOSViNCVlNiU4YSVhNSZGT1JNPUhEUlNDNg&ntb=1,News,2026-06-03T10:44:47.827841
03690,HK,playwright_search,query=03690 03690 主营业务 年报; rank=5; title=Flights,rank=5; url=https://www.bing.com/ck/a?!&&p=ecdbef2611bd4fafea980b8f9c2acdfa711427f5818a3aa2685a11d6863e8372JmltdHM9MTc4MDQ0NDgwMA&ptn=3&ver=2&hsh=4&fclid=1e23cba3-ca7b-6084-2834-dccecb0061a2&u=a1L3RyYXZlbC9zZWFyY2g_cT0wMzY5MCswMzY5MCslZTQlYjglYmIlZTglOTAlYTUlZTQlYjglOWElZTUlOGElYTErJWU1JWI5JWI0JWU2JThhJWE1Jm09ZmxpZ2h0cyZGT1JNPUZCU0NPUA&ntb=1; hash=78ed85f0ba4779e4; snippet=Flights,https://www.bing.com/ck/a?!&&p=ecdbef2611bd4fafea980b8f9c2acdfa711427f5818a3aa2685a11d6863e8372JmltdHM9MTc4MDQ0NDgwMA&ptn=3&ver=2&hsh=4&fclid=1e23cba3-ca7b-6084-2834-dccecb0061a2&u=a1L3RyYXZlbC9zZWFyY2g_cT0wMzY5MCswMzY5MCslZTQlYjglYmIlZTglOTAlYTUlZTQlYjglOWElZTUlOGElYTErJWU1JWI5JWI0JWU2JThhJWE1Jm09ZmxpZ2h0cyZGT1JNPUZCU0NPUA&ntb=1,Flights,2026-06-03T10:44:47.830729
03690,HK,playwright_search,query=03690 03690 company profile business segments; rank=0; title=search_error,"rank=0; url=https://www.bing.com/search?q=03690+03690+company+profile+business+segments; hash=8303f3fe126150f5; snippet=Page.goto: net::ERR_ABORTED at https://www.bing.com/search?q=03690+03690+company+profile+business+segments
Call log:
  - navigating to ""https://www.bing.com/search?q=03690+03690+company+profile+business+segments"", waiting until ""domcontentloaded""",https://www.bing.com/search?q=03690+03690+company+profile+business+segments,"Page.goto: net::ERR_ABORTED at https://www.bing.com/search?q=03690+03690+company+profile+business+segments
Call log:
  - navigating to ""https://www.bing.com/search?q=03690+03690+company+profile+business+segments"", waiting until ""domcontentloaded""",2026-06-03T10:44:47.915853
03690,HK,playwright_search,query=03690 03690 港交所 公告 年报; rank=0; title=search_page_snapshot,"rank=0; url=https://www.bing.com/search?q=03690+03690+%E6%B8%AF%E4%BA%A4%E6%89%80+%E5%85%AC%E5%91%8A+%E5%B9%B4%E6%8A%A5; hash=1948fcf71741ef85; snippet=跳至内容
辅助功能反馈
国内版国际版
网页图片视频学术词典地图
更多",https://www.bing.com/search?q=03690+03690+%E6%B8%AF%E4%BA%A4%E6%89%80+%E5%85%AC%E5%91%8A+%E5%B9%B4%E6%8A%A5,"跳至内容
辅助功能反馈
国内版国际版
网页图片视频学术词典地图
更多",2026-06-03T10:44:48.582511
03690,HK,playwright_search,query=03690 03690 AI 云服务 游戏 铜矿 铁矿 稳定币; rank=0; title=search_page_snapshot,"rank=0; url=https://www.bing.com/search?q=03690+03690+AI+%E4%BA%91%E6%9C%8D%E5%8A%A1+%E6%B8%B8%E6%88%8F+%E9%93%9C%E7%9F%BF+%E9%93%81%E7%9F%BF+%E7%A8%B3%E5%AE%9A%E5%B8%81; hash=5f27d54c0bb57d22; snippet=跳至内容
辅助功能反馈
Rewards
国内版国际版
网页图片视频学术词典地图
更多
约 39,400 个结果
eastmoney.com
https://quote.eastmoney.com
美团-W (03690)_最新价格_行情_走势图—东方财富网

提供美团-W (03690)行情走势、五档盘口、逐笔交易等实时行情数据，及美团-W (03690)的新闻资讯、公司公告、研究报告、行业研报、F10资料、行业资讯、资金流分析、阶段涨幅、所属板块、财务指标 …

 
xueqiu.com
https://xueqiu.com
美团-W (03690) 股票股价_股价行情_财报_数据报告 - 雪球

雪球为您提供美团-W (03690)股票实时行情,资金流向,新闻资讯,研究报告,社区互动,交易信息,个股点评,公",https://www.bing.com/search?q=03690+03690+AI+%E4%BA%91%E6%9C%8D%E5%8A%A1+%E6%B8%B8%E6%88%8F+%E9%93%9C%E7%9F%BF+%E9%93%81%E7%9F%BF+%E7%A8%B3%E5%AE%9A%E5%B8%81,"跳至内容
辅助功能反馈
Rewards
国内版国际版
网页图片视频学术词典地图
更多
约 39,400 个结果
eastmoney.com
https://quote.eastmoney.com
美团-W (03690)_最新价格_行情_走势图—东方财富网

提供美团-W (03690)行情走势、五档盘口、逐笔交易等实时行情数据，及美团-W (03690)的新闻资讯、公司公告、研究报告、行业研报、F10资料、行业资讯、资金流分析、阶段涨幅、所属板块、财务指标 …

 
xueqiu.com
https://xueqiu.com
美团-W (03690) 股票股价_股价行情_财报_数据报告 - 雪球

雪球为您提供美团-W (03690)股票实时行情,资金流向,新闻资讯,研究报告,社区互动,交易信息,个股点评,公告,财务指标分析等与美团-W (03690)股票相关的信息与服务.

sina.com.cn
https://stock.finance.sina.com.cn › hkstock › quotes
美团-W (03690)股票股价,实时行情,新闻,财报数据_新浪财经 ...

2024年6月14日 · 外卖大战一年：美团回不去、阿里停不下 (06-03) A股止跌反弹！低位板块悄悄逆袭，新一轮主线 (06-02) 美团“换骨”：保住外卖+到店「现实的肉」， (06-02) 港股强力反弹，科网股“嗨了” …

10jqka.com.cn
https://stockpage.10jqka.com.cn
美团-W (03690)首页概览_港股行情_同花顺金融网

2018年9月20日 · 提供美团-W (03690)实时行情数据；汇总美团-W (03690)基本资料及重大新闻、研究报告及行业资讯，解读美团-W (03690)主力资金动向、财务数据，为投资美团-W (03690)提供参考决策

futunn.com
https://www.futunn.com › stock
美团-W (03690) 股价、新闻、报价和图表 - 富途牛牛

2025年10月13日 · 美团-W (03690) 添加自选 80.100 -5.400 -6.32% 交易中 06/03 10:50 (北京) 4945.87亿 总市值 -10.85 市盈率TTM

baidu.com
https://finance.baidu.com › stock
美团-W (03690)_个股概览_股票价格_实时行情_走势图_新闻 ...

FinScope提供美团-W (03690)的行情报价、新闻资讯、股评、财报等信息。AI让投资更简单。

hstong.com
https://www.hstong.com › quotes
美团-W（03690.HK），股票股价，实时行情，新闻，财报 ...

2025年12月31日 · 华盛通为您提供美团-W（03690.HK）股票股价,实时行情,新闻,财报,研究报告,财务指标分析等与美团-W（03690.HK）股票相关的信息与服务

zhihu.com
https://zhuanlan.zhihu.com
美团公司（03690.HK）业务分析报告 - 知乎

2025年12月2日 · 美团 （03690.HK）作为中国最大的本地生活服务平台，2025年第三季度财报显示其收入达954.88亿元，同比增长2.0%，但经营亏损扩大至197.59亿元，主要受外卖市场竞争加剧影响。 …

tradingdanny.com
https://tradingdanny.com
美团股票前景 (03690.HK)深度分析：现在是买入时机？2026 ...

2 天之前 · 面对美团股价(03690.HK)的剧烈波动，现在是买入的好时机吗？本文由资深交易员Danny为你深度剖析美团最新财报、核心业务竞争格局、未来增长潜力与2026年股价前景，助你做出明智的投资 …

9fzt.com
https://gmg.9fzt.com › hk
美团-W (03690)行情数据_走势图_九方智投

九方智投提供美团-W (03690)股票的行情走势、十档盘口、分时交易等实时行情数据，及美团-W (03690)的新闻资讯、公司公告、研究报告、F10资料、行业资讯、经纪队列、阶段涨幅、财务指标等 …

为回应符合本地法律要求的通知，部分搜索结果未予显示。有关详细信息，请参阅此处。
一些您可能无法访问的结果已被隐去。
显示无法访问的结果
1
2
3",2026-06-03T10:44:49.090998
09988,HK,playwright_search,query=09988 09988 主营业务 年报; rank=1; title=IMAGES,rank=1; url=https://www.bing.com/ck/a?!&&p=6d6ba86217789a46fe9e125196441924c29ef925a4d8d23b9ea6e57edda892a8JmltdHM9MTc4MDQ0NDgwMA&ptn=3&ver=2&hsh=4&fclid=1b5261c4-cb56-644d-280b-76a9ca2d65bc&u=a1L2ltYWdlcy9zZWFyY2g_cT0wOTk4OCswOTk4OCslZTQlYjglYmIlZTglOTAlYTUlZTQlYjglOWElZTUlOGElYTErJWU1JWI5JWI0JWU2JThhJWE1JkZPUk09SERSU0My&ntb=1; hash=c1a9538470d4ba90; snippet=IMAGES,https://www.bing.com/ck/a?!&&p=6d6ba86217789a46fe9e125196441924c29ef925a4d8d23b9ea6e57edda892a8JmltdHM9MTc4MDQ0NDgwMA&ptn=3&ver=2&hsh=4&fclid=1b5261c4-cb56-644d-280b-76a9ca2d65bc&u=a1L2ltYWdlcy9zZWFyY2g_cT0wOTk4OCswOTk4OCslZTQlYjglYmIlZTglOTAlYTUlZTQlYjglOWElZTUlOGElYTErJWU1JWI5JWI0JWU2JThhJWE1JkZPUk09SERSU0My&ntb=1,IMAGES,2026-06-03T10:44:51.167065
09988,HK,playwright_search,query=09988 09988 主营业务 年报; rank=2; title=VIDEOS,rank=2; url=https://www.bing.com/ck/a?!&&p=677f7485ec81b1aa6f1a07c842908ebeb4fb503dbf90d43d638cc32fac69bd64JmltdHM9MTc4MDQ0NDgwMA&ptn=3&ver=2&hsh=4&fclid=1b5261c4-cb56-644d-280b-76a9ca2d65bc&u=a1L3ZpZGVvcy9zZWFyY2g_cT0wOTk4OCswOTk4OCslZTQlYjglYmIlZTglOTAlYTUlZTQlYjglOWElZTUlOGElYTErJWU1JWI5JWI0JWU2JThhJWE1JkZPUk09SERSU0Mz&ntb=1; hash=903327f84ece6f21; snippet=VIDEOS,https://www.bing.com/ck/a?!&&p=677f7485ec81b1aa6f1a07c842908ebeb4fb503dbf90d43d638cc32fac69bd64JmltdHM9MTc4MDQ0NDgwMA&ptn=3&ver=2&hsh=4&fclid=1b5261c4-cb56-644d-280b-76a9ca2d65bc&u=a1L3ZpZGVvcy9zZWFyY2g_cT0wOTk4OCswOTk4OCslZTQlYjglYmIlZTglOTAlYTUlZTQlYjglOWElZTUlOGElYTErJWU1JWI5JWI0JWU2JThhJWE1JkZPUk09SERSU0Mz&ntb=1,VIDEOS,2026-06-03T10:44:51.169198
09988,HK,playwright_search,query=09988 09988 主营业务 年报; rank=3; title=MAPS,rank=3; url=https://www.bing.com/ck/a?!&&p=3875fcde773ce3b054e8b0b775fbe10bfa3ab99ffbb389fca7ac2faace94e05eJmltdHM9MTc4MDQ0NDgwMA&ptn=3&ver=2&hsh=4&fclid=1b5261c4-cb56-644d-280b-76a9ca2d65bc&u=a1L21hcHM_cT0wOTk4OCswOTk4OCslZTQlYjglYmIlZTglOTAlYTUlZTQlYjglOWElZTUlOGElYTErJWU1JWI5JWI0JWU2JThhJWE1JkZPUk09SERSU0M0&ntb=1; hash=5dcddef60c6fcfae; snippet=MAPS,https://www.bing.com/ck/a?!&&p=3875fcde773ce3b054e8b0b775fbe10bfa3ab99ffbb389fca7ac2faace94e05eJmltdHM9MTc4MDQ0NDgwMA&ptn=3&ver=2&hsh=4&fclid=1b5261c4-cb56-644d-280b-76a9ca2d65bc&u=a1L21hcHM_cT0wOTk4OCswOTk4OCslZTQlYjglYmIlZTglOTAlYTUlZTQlYjglOWElZTUlOGElYTErJWU1JWI5JWI0JWU2JThhJWE1JkZPUk09SERSU0M0&ntb=1,MAPS,2026-06-03T10:44:51.171078
09988,HK,playwright_search,query=09988 09988 主营业务 年报; rank=4; title=News,rank=4; url=https://www.bing.com/ck/a?!&&p=89d241516d182ce9606839ec416306b753acc1ca767bcff54904b627cc2af878JmltdHM9MTc4MDQ0NDgwMA&ptn=3&ver=2&hsh=4&fclid=1b5261c4-cb56-644d-280b-76a9ca2d65bc&u=a1L25ld3Mvc2VhcmNoP3E9MDk5ODgrMDk5ODgrJWU0JWI4JWJiJWU4JTkwJWE1JWU0JWI4JTlhJWU1JThhJWExKyVlNSViOSViNCVlNiU4YSVhNSZGT1JNPUhEUlNDNg&ntb=1; hash=33d4ca248eda67a6; snippet=News,https://www.bing.com/ck/a?!&&p=89d241516d182ce9606839ec416306b753acc1ca767bcff54904b627cc2af878JmltdHM9MTc4MDQ0NDgwMA&ptn=3&ver=2&hsh=4&fclid=1b5261c4-cb56-644d-280b-76a9ca2d65bc&u=a1L25ld3Mvc2VhcmNoP3E9MDk5ODgrMDk5ODgrJWU0JWI4JWJiJWU4JTkwJWE1JWU0JWI4JTlhJWU1JThhJWExKyVlNSViOSViNCVlNiU4YSVhNSZGT1JNPUhEUlNDNg&ntb=1,News,2026-06-03T10:44:51.174599
09988,HK,playwright_search,query=09988 09988 主营业务 年报; rank=5; title=Flights,rank=5; url=https://www.bing.com/ck/a?!&&p=6ec2b5193647ac39908329fc8f8aa8668b192ddb65cb64d3ceda0a56632e13d8JmltdHM9MTc4MDQ0NDgwMA&ptn=3&ver=2&hsh=4&fclid=1b5261c4-cb56-644d-280b-76a9ca2d65bc&u=a1L3RyYXZlbC9zZWFyY2g_cT0wOTk4OCswOTk4OCslZTQlYjglYmIlZTglOTAlYTUlZTQlYjglOWElZTUlOGElYTErJWU1JWI5JWI0JWU2JThhJWE1Jm09ZmxpZ2h0cyZGT1JNPUZCU0NPUA&ntb=1; hash=009c1f54ff7bdaf9; snippet=Flights,https://www.bing.com/ck/a?!&&p=6ec2b5193647ac39908329fc8f8aa8668b192ddb65cb64d3ceda0a56632e13d8JmltdHM9MTc4MDQ0NDgwMA&ptn=3&ver=2&hsh=4&fclid=1b5261c4-cb56-644d-280b-76a9ca2d65bc&u=a1L3RyYXZlbC9zZWFyY2g_cT0wOTk4OCswOTk4OCslZTQlYjglYmIlZTglOTAlYTUlZTQlYjglOWElZTUlOGElYTErJWU1JWI5JWI0JWU2JThhJWE1Jm09ZmxpZ2h0cyZGT1JNPUZCU0NPUA&ntb=1,Flights,2026-06-03T10:44:51.176301
09988,HK,playwright_search,query=09988 09988 company profile business segments; rank=0; title=search_error,"rank=0; url=https://www.bing.com/search?q=09988+09988+company+profile+business+segments; hash=f1e32a9f1aebc778; snippet=Page.goto: net::ERR_ABORTED at https://www.bing.com/search?q=09988+09988+company+profile+business+segments
Call log:
  - navigating to ""https://www.bing.com/search?q=09988+09988+company+profile+business+segments"", waiting until ""domcontentloaded""",https://www.bing.com/search?q=09988+09988+company+profile+business+segments,"Page.goto: net::ERR_ABORTED at https://www.bing.com/search?q=09988+09988+company+profile+business+segments
Call log:
  - navigating to ""https://www.bing.com/search?q=09988+09988+company+profile+business+segments"", waiting until ""domcontentloaded""",2026-06-03T10:44:51.304628
09988,HK,playwright_search,query=09988 09988 港交所 公告 年报; rank=0; title=search_page_snapshot,"rank=0; url=https://www.bing.com/search?q=09988+09988+%E6%B8%AF%E4%BA%A4%E6%89%80+%E5%85%AC%E5%91%8A+%E5%B9%B4%E6%8A%A5; hash=91217a1cd5df02ab; snippet=跳至内容
辅助功能反馈
国内版国际版
网页图片视频学术词典地图
更多
约 60,800 个结果
eastmoney.com
https://quote.eastmoney.com › hk
阿里巴巴-W (09988)最新价格_行情_走势图—东方财富网

提供阿里巴巴-W (09988)股票的行情走势、五档盘口、逐笔交易等实时行情数据，及阿里巴巴-W (09988)的资讯、公司公告、研究报告 …

 
sina.com.cn
https://stock.finance.sina.com.cn › hkstock › quotes
阿里巴巴-W (09988)股票股价,实时行情,新闻,财报数据_新浪 ...

新浪财经-港股频道为您提供阿里巴巴-W (09988)股票股价,实时行情,新闻,财报,研究报告,财务指标",https://www.bing.com/search?q=09988+09988+%E6%B8%AF%E4%BA%A4%E6%89%80+%E5%85%AC%E5%91%8A+%E5%B9%B4%E6%8A%A5,"跳至内容
辅助功能反馈
国内版国际版
网页图片视频学术词典地图
更多
约 60,800 个结果
eastmoney.com
https://quote.eastmoney.com › hk
阿里巴巴-W (09988)最新价格_行情_走势图—东方财富网

提供阿里巴巴-W (09988)股票的行情走势、五档盘口、逐笔交易等实时行情数据，及阿里巴巴-W (09988)的资讯、公司公告、研究报告 …

 
sina.com.cn
https://stock.finance.sina.com.cn › hkstock › quotes
阿里巴巴-W (09988)股票股价,实时行情,新闻,财报数据_新浪 ...

新浪财经-港股频道为您提供阿里巴巴-W (09988)股票股价,实时行情,新闻,财报,研究报告,财务指标分析等与阿里巴巴-W (09988)股票相 …

10jqka.com.cn
https://stockpage.10jqka.com.cn
阿里巴巴-W (09988)首页概览_港股行情_同花顺金融网

2019年11月26日 · 提供阿里巴巴-W (09988)实时行情数据；汇总阿里巴巴-W (09988)基本资料及重大新闻、研究报告及行业资讯，解 …

xueqiu.com
https://xueqiu.com
阿里巴巴-W (09988) 股票股价_股价行情_财报_数据报告 - 雪球

雪球为您提供阿里巴巴-W (09988)股票实时行情,资金流向,新闻资讯,研究报告,社区互动,交易信息,个股点评,公告,财务指标分析等与阿 …

eastmoney.com
https://quote.eastmoney.com
阿里巴巴-W (09988)_最新价格_行情_走势图—东方财富网

提供阿里巴巴-W (09988)行情走势、五档盘口、逐笔交易等实时行情数据，及阿里巴巴-W (09988)的新闻资讯、公司公告、研究报告、 …

sina.com.cn
https://stock.finance.sina.com.cn › ... › stock.php
阿里巴巴-W (09988)股票股价,实时行情,新闻,财报数据_新浪 ...

新浪财经-港股频道为您提供阿里巴巴-W (09988)股票股价,实时行情,新闻,财报,研究报告,财务指标分析等与阿里巴巴-W (09988)股票相 …

xueqiu.com
https://xueqiu.com
阿里巴巴-W (09988) 股票股价_股价行情_财报_数据报告 - 雪球

雪球为您提供阿里巴巴-W (09988)股票实时行情,资金流向,新闻资讯,研究报告,社区互动,交易信息,个股点评,公告,财务指标分析等与阿 …

baidu.com
https://finance.baidu.com › stock
阿里巴巴-W (09988)_个股概览_股票价格_实时行情_走势图 ...

FinScope提供阿里巴巴-W (09988)的行情报价、新闻资讯、股评、财报等信息。AI让投资更简单。

futunn.com
https://www.futunn.com › stock
阿里巴巴-W (09988) 股价、新闻、报价和图表 - 富途牛牛

2025年10月13日 · 阿里巴巴-W (09988) 最新新闻 阿里发布Qwen3.7-Plus：屏幕理解跑赢GPT-5.4，11小时独立开发App，“看、想、写 …

为回应符合本地法律要求的通知，部分搜索结果未予显示。有关详细信息，请参阅此处。
一些您可能无法访问的结果已被隐去。
显示无法访问的结果
1
2
3
增值电信业务经营许可证：合字B2-20090007
京ICP备10036305号-7
京公网安备11010802047360号


隐私
条款",2026-06-03T10:44:51.898437
09988,HK,playwright_search,query=09988 09988 AI 云服务 游戏 铜矿 铁矿 稳定币; rank=0; title=search_error,"rank=0; url=https://www.bing.com/search?q=09988+09988+AI+%E4%BA%91%E6%9C%8D%E5%8A%A1+%E6%B8%B8%E6%88%8F+%E9%93%9C%E7%9F%BF+%E9%93%81%E7%9F%BF+%E7%A8%B3%E5%AE%9A%E5%B8%81; hash=5c8f23180cffc57b; snippet=Page.goto: net::ERR_ABORTED at https://www.bing.com/search?q=09988+09988+AI+%E4%BA%91%E6%9C%8D%E5%8A%A1+%E6%B8%B8%E6%88%8F+%E9%93%9C%E7%9F%BF+%E9%93%81%E7%9F%BF+%E7%A8%B3%E5%AE%9A%E5%B8%81
Call log:
  - navigating to ""https://www.bing.com/search?q=09988+09988+AI+%E4%BA%91%E6%9C%8D%E5%8A%A1+%E6%B8%B8%E6%88%8F+%E9%93%9C%E7%9F%BF+%E9%93%81%E7%9F%BF+%E7%A8%B3%E5",https://www.bing.com/search?q=09988+09988+AI+%E4%BA%91%E6%9C%8D%E5%8A%A1+%E6%B8%B8%E6%88%8F+%E9%93%9C%E7%9F%BF+%E9%93%81%E7%9F%BF+%E7%A8%B3%E5%AE%9A%E5%B8%81,"Page.goto: net::ERR_ABORTED at https://www.bing.com/search?q=09988+09988+AI+%E4%BA%91%E6%9C%8D%E5%8A%A1+%E6%B8%B8%E6%88%8F+%E9%93%9C%E7%9F%BF+%E9%93%81%E7%9F%BF+%E7%A8%B3%E5%AE%9A%E5%B8%81
Call log:
  - navigating to ""https://www.bing.com/search?q=09988+09988+AI+%E4%BA%91%E6%9C%8D%E5%8A%A1+%E6%B8%B8%E6%88%8F+%E9%93%9C%E7%9F%BF+%E9%93%81%E7%9F%BF+%E7%A8%B3%E5%AE%9A%E5%B8%81"", waiting until ""domcontentloaded""",2026-06-03T10:44:52.003538
