node_id,node_type,name,canonical_name,properties_json,source,confidence,updated_at
concept:KNOWLEDGE ATLAS,concept,KNOWLEDGE ATLAS,KNOWLEDGE ATLAS,"{""description"": ""KNOWLEDGE ATLAS是与股票代码02513.HK一同出现的标注，可能代表知识图谱概念或智谱公司的相关技术平台。"", ""source_id"": ""doc-0fb260a7589d7c16c051233370004b49-chunk-000"", ""file_path"": ""evidence:02513:ed017f7b8f3c38b0.txt""}",lightrag_graph,0.72,2026-06-06T16:52:07.683670
location:HK,location,HK,HK,"{""description"": ""HK指香港，是02513股票上市的金融市场所在地。<SEP>HK代表香港，是智谱股票上市的市场。<SEP>HK代表香港交易所市场，是02513股票的上市地点。<SEP>HK代表香港市场，是智谱股票代码02513的交易地点。<SEP>HK代表香港证券交易所，是智谱公司股票上市的市场。<SEP>股票市场香港的简称，是02513股票的上市地点。<SEP>香港证券市场，是股票代码02513的上市交易地点。"", ""source_id"": ""doc-17b32dcf7738724991c2f427a0eff142-chunk-000<SEP>doc-3bc59d9dd7efdabb5e96d649b2cf7029-chunk-000<SEP>doc-93950896a6b0ceeaf6354962d9632b74-chunk-000<SEP>doc-9da4919957dc304f45e11a62041e9d1c-chunk-000<SEP>doc-676b8171863c25e934e20e27b2e393f0-chunk-000<SEP>doc-06c43f61bb1289107460546360de1b17-chunk-000<SEP>doc-e6bb9546f62c7e78cec5f84032400abb-chunk-000"", ""file_path"": ""evidence:02513:5b66659d0e278f6c.txt<SEP>evidence:02513:5ba523278dfb38a4.txt<SEP>evidence:02513:4a23a57f0cd55f15.txt<SEP>evidence:02513:434e5b846052be06.txt<SEP>evidence:02513:2315e55978c3764d.txt<SEP>evidence:02513:201b1a4e5b38aee0.txt<SEP>evidence:02513:23901e2bb2ed06e1.txt""}",lightrag_graph,0.72,2026-06-06T16:52:07.683670
location:香港市场,location,香港市场,香港市场,"{""description"": ""香港市场是02513股票代码上市交易的市场。<SEP>香港市场是智谱AI股票上市交易的市场。"", ""source_id"": ""doc-b4e38788f6345e577d0544273756e626-chunk-000<SEP>doc-28d04bfb177a8df8436828b9a7314fd4-chunk-000"", ""file_path"": ""evidence:02513:a2199ad093dcd419.txt<SEP>evidence:02513:188bbc6c85b01d0b.txt""}",lightrag_graph,0.72,2026-06-06T16:52:07.683670
organization:新浪财经,organization,新浪财经,新浪财经,"{""description"": ""新浪财经是一个提供港股实时行情和公司资料等财经信息的网络平台。"", ""source_id"": ""doc-0fb260a7589d7c16c051233370004b49-chunk-000"", ""file_path"": ""evidence:02513:ed017f7b8f3c38b0.txt""}",lightrag_graph,0.72,2026-06-06T16:52:07.683670
organization:深圳前瞻资讯股份有限公司,organization,深圳前瞻资讯股份有限公司,深圳前瞻资讯股份有限公司,"{""description"": ""一家成立于1998年的公司，拥有网站stock.qianzhan.com的版权，提供财务报告查询服务。"", ""source_id"": ""doc-06c43f61bb1289107460546360de1b17-chunk-000"", ""file_path"": ""evidence:02513:201b1a4e5b38aee0.txt""}",lightrag_graph,0.72,2026-06-06T16:52:07.683670
data:主力资金动向,data,主力资金动向,主力资金动向,"{""description"": ""主力资金动向是智谱的主力资金流动数据，由同花顺金融网解读。"", ""source_id"": ""doc-cb24584fb61d6a7f609e40760cae9f51-chunk-000"", ""file_path"": ""evidence:02513:3925dd1fcacc0749.txt""}",lightrag_graph,0.72,2026-06-06T16:52:07.683670
organization:同花顺金融网,organization,同花顺金融网,同花顺金融网,"{""description"": ""同花顺金融网是一个金融信息平台，为智谱提供实时行情数据、基本资料、重大新闻、研究报告、行业资讯、主力资金动向及财务数据等分析服务，供投资决策参考。"", ""source_id"": ""doc-cb24584fb61d6a7f609e40760cae9f51-chunk-000"", ""file_path"": ""evidence:02513:3925dd1fcacc0749.txt""}",lightrag_graph,0.72,2026-06-06T16:52:07.683670
content:北京智譜華章科技股份有限公司公告,content,北京智譜華章科技股份有限公司公告,北京智譜華章科技股份有限公司公告,"{""description"": ""北京智譜華章科技股份有限公司刊发的公告文件，日期为2025年12月30日，是文中词汇界定的依据。"", ""source_id"": ""doc-e6bb9546f62c7e78cec5f84032400abb-chunk-000"", ""file_path"": ""evidence:02513:23901e2bb2ed06e1.txt""}",lightrag_graph,0.72,2026-06-06T16:52:07.683670
organization:香港聯合交易所有限公司(聯交所),organization,香港聯合交易所有限公司(聯交所),香港聯合交易所有限公司(聯交所),"{""description"": ""香港联合交易所有限公司(联交所)是香港交易所的全资附属公司，负责主板及创业板上市事宜。"", ""source_id"": ""doc-e6bb9546f62c7e78cec5f84032400abb-chunk-000"", ""file_path"": ""evidence:02513:23901e2bb2ed06e1.txt""}",lightrag_graph,0.72,2026-06-06T16:52:07.683670
evidence_chunk:6a7f390b3ec2,evidence_chunk,evidence:02513:7cfbd96da05cf3fb.txt,evidence:02513:7cfbd96da05cf3fb.txt,"{""content"": ""STOCK_CODE: 02513\nMARKET: HK\nALIASES: 02513; 智谱\nSOURCE: source_aware_search\nTITLE: query=site:hkexnews.hk 02513 智谱 年报 招股书 主营业务; rank=4; title=披露易 - HKEXnews\nURL: https://sc.hkexnews.hk/TuniS/www.hkexnews.hk/index_c.htm\nFETCHED_AT: 2026-06-06T08:59:09.854054\n\nSUMMARY:\nrank=4; engine=duckduckgo; score=0.5; url=https://sc.hkexnews.hk/TuniS/www.hkexnews.hk/index_c.htm; hash=e8bf723aa776c1e9; snippet=披露易提供上市公司公告、财务报告及其他重要信息。\n\nRAW_TEXT:\n披露易提供上市公司公告、财务报告及其他重要信息。"", ""file_path"": ""evidence:02513:7cfbd96da05cf3fb.txt""}",lightrag_graph,0.65,2026-06-06T16:52:07.683670
evidence_chunk:d3dbf981e95a,evidence_chunk,evidence:02513:5ba523278dfb38a4.txt,evidence:02513:5ba523278dfb38a4.txt,"{""content"": ""STOCK_CODE: 02513\nMARKET: HK\nALIASES: 02513; 智谱\nSOURCE: source_aware_search\nTITLE: query=智谱 智谱 新闻 合作 客户 收入; rank=1; title=冲刺\""全球大模型第一股\""!智谱财务数据曝光_腾讯新闻\nURL: https://news.qq.com/rain/a/20251220A01Z1800\nFETCHED_AT: 2026-06-06T08:59:17.057644\n\nSUMMARY:\nrank=1; engine=duckduckgo; score=1.0; url=https://news.qq.com/rain/a/20251220A01Z1800; hash=a388567f0dd18904; snippet=港交所披露的聆讯后资料集显示，智谱于2022年、2023年、2024年、2025年上半年实现营收5740万元、1.245亿元、3.124亿元、1.9亿元（人民币，下同），2022年至2024年连续三年营收翻倍，复合年增长率达到130%；毛利率分别为54.6%、64.6%、56.3%、50%。 同期，智谱经调整净亏损分别为9740万元、6.21亿元、24.656亿元以及17.52亿元。 智谱称，亏损主要原因在于巨额的研发投入。 同期，智谱研发投入分别为8440万元、5.289亿元、21.954亿元、15.947亿元，累计研发投入约44亿元。\n\nRAW_TEXT:\n港交所披露的聆讯后资料集显示，智谱于2022年、2023年、2024年、2025年上半年实现营收5740万元、1.245亿元、3.124亿元、1.9亿元（人民币，下同），2022年至2024年连续三年营收翻倍，复合年增长率达到130%；毛利率分别为54.6%、64.6%、56.3%、50%。 同期，智谱经调整净亏损分别为9740万元、6.21亿元、24.656亿元以及17.52亿元。 智谱称，亏损主要原因在于巨额的研发投入。 同期，智谱研发投入分别为8440万元、5.289亿元、21.954亿元、15.947亿元，累计研发投入约44亿元。"", ""file_path"": ""evidence:02513:5ba523278dfb38a4.txt""}",lightrag_graph,0.65,2026-06-06T16:52:07.683670
product:Glm技术复盘：21篇论文深度解读智谱模型家族,product,Glm技术复盘：21篇论文深度解读智谱模型家族,Glm技术复盘：21篇论文深度解读智谱模型家族,"{""materialized_from_edge"": true}",lightrag_graph,0.58,2026-06-06T16:52:07.686761
product:备案号Beijing-ChatGLM-20230821,product,备案号Beijing-ChatGLM-20230821,备案号Beijing-ChatGLM-20230821,"{""materialized_from_edge"": true}",lightrag_graph,0.58,2026-06-06T16:52:07.686761
method:CodeGeeX,method,CodeGeeX,CodeGeeX,"{""description"": ""CodeGeeX是智谱AI的高效率代码模型，属于AIGC模型产品矩阵。"", ""source_id"": ""doc-0326400fcdf73fe5cdbd8616c1a23e13-chunk-000"", ""file_path"": ""evidence:02513:d9f141da7ec3f385.txt""}",lightrag_graph,0.72,2026-06-06T16:52:07.702922
content:智谱清言,content,智谱清言,智谱清言,"{""description"": ""智谱清言是智谱AI推出的AI提效助手，属于AIGC模型产品矩阵的一部分。<SEP>智谱清言是智谱推出的端侧智能助手产品。"", ""source_id"": ""doc-0326400fcdf73fe5cdbd8616c1a23e13-chunk-000<SEP>doc-9da4919957dc304f45e11a62041e9d1c-chunk-000"", ""file_path"": ""evidence:02513:d9f141da7ec3f385.txt<SEP>evidence:02513:434e5b846052be06.txt""}",lightrag_graph,0.72,2026-06-06T16:52:07.702922
method:CogView,method,CogView,CogView,"{""description"": ""CogView是智谱AI的文生图模型，属于AIGC模型产品矩阵。"", ""source_id"": ""doc-0326400fcdf73fe5cdbd8616c1a23e13-chunk-000"", ""file_path"": ""evidence:02513:d9f141da7ec3f385.txt""}",lightrag_graph,0.72,2026-06-06T16:52:07.702922
entity:MiniMax,entity,MiniMax,MiniMax,"{""materialized_from_edge"": true}",lightrag_graph,0.58,2026-06-06T16:52:07.705283
technology:企业级AI基础设施路线,technology,企业级AI基础设施路线,企业级AI基础设施路线,"{""materialized_from_edge"": true}",lightrag_graph,0.58,2026-06-06T16:52:07.705283
entity:MaaS API平台,entity,MaaS API平台,MaaS API平台,"{""materialized_from_edge"": true}",lightrag_graph,0.58,2026-06-06T16:52:07.705283
technology:Agentic Engineering,technology,Agentic Engineering,Agentic Engineering,"{""materialized_from_edge"": true}",lightrag_graph,0.58,2026-06-06T16:52:07.705283
technology:AI开发新模式,technology,AI开发新模式,AI开发新模式,"{""materialized_from_edge"": true}",lightrag_graph,0.58,2026-06-06T16:52:07.705283
content:智谱首份财报,content,智谱首份财报,智谱首份财报,"{""description"": ""智谱首份财报，标题显示2025年营收翻倍至7亿元，亏损47亿元，涉及大模型业务。<SEP>智谱发布的首次财务报告，其中披露了中国前十大互联网公司中有9家深度调用GLM模型。"", ""source_id"": ""doc-1e6e26cb9f67d6b1abacdcbf1a3612ef-chunk-000<SEP>doc-159c33f0d797fd0894851a411359df00-chunk-000"", ""file_path"": ""evidence:02513:79fc2bd415a0b425.txt<SEP>evidence:02513:9bd8dcc71aea1308.txt""}",lightrag_graph,0.72,2026-06-06T16:52:07.727380
organization:MiniMax,organization,MiniMax,MiniMax,"{""description"": ""MiniMax是一家AI公司，其优势在于海外化更强，产品化特征更明显。"", ""source_id"": ""doc-1e6e26cb9f67d6b1abacdcbf1a3612ef-chunk-000"", ""file_path"": ""evidence:02513:79fc2bd415a0b425.txt""}",lightrag_graph,0.72,2026-06-06T16:52:07.727380
concept:全球AI产品公司路线,concept,全球AI产品公司路线,全球AI产品公司路线,"{""description"": ""一种AI公司的发展路线，强调开发全球化的AI产品。"", ""source_id"": ""doc-1e6e26cb9f67d6b1abacdcbf1a3612ef-chunk-000"", ""file_path"": ""evidence:02513:79fc2bd415a0b425.txt""}",lightrag_graph,0.72,2026-06-06T16:52:07.727380
artifact:MaaS平台,artifact,MaaS平台,MaaS平台,"{""description"": ""MaaS(模型即服务)平台是智谱集成了人工智能模型和开发工具的云服务平台。"", ""source_id"": ""doc-7b78a94bf9c700343fdb8338229d6b4c-chunk-000"", ""file_path"": ""evidence:02513:89cf45718fedf981.txt""}",lightrag_graph,0.72,2026-06-06T16:52:07.727380
data:ARR,data,ARR,ARR,"{""description"": ""ARR是年度经常性收入指标，MaaS API平台2025年实现ARR 17亿元，同比提升60倍。"", ""source_id"": ""doc-4af6bd61e79109ab6732460c02dcbbee-chunk-000"", ""file_path"": ""evidence:02513:3a2946fdc6d7525b.txt""}",lightrag_graph,0.72,2026-06-06T16:52:07.727380
artifact:MaaS API平台,artifact,MaaS API平台,MaaS API平台,"{""description"": ""MaaS API平台是智谱提供的模型即服务API平台，2025年实现年度经常性收入(ARR)17亿元，同比提升60倍。"", ""source_id"": ""doc-4af6bd61e79109ab6732460c02dcbbee-chunk-000"", ""file_path"": ""evidence:02513:3a2946fdc6d7525b.txt""}",lightrag_graph,0.72,2026-06-06T16:52:07.727380
entity:同花顺金融网,entity,同花顺金融网,同花顺金融网,"{""materialized_from_edge"": true}",lightrag_graph,0.58,2026-06-06T16:52:07.729958
entity:02513.HK,entity,02513.HK,02513.HK,"{""materialized_from_edge"": true}",lightrag_graph,0.58,2026-06-06T16:52:07.729958
entity:智谱2025年度报告,entity,智谱2025年度报告,智谱2025年度报告,"{""materialized_from_edge"": true}",lightrag_graph,0.58,2026-06-06T16:52:07.729958
event:轻交付、标准化合作模式,event,轻交付、标准化合作模式,轻交付、标准化合作模式,"{""materialized_from_edge"": true}",lightrag_graph,0.58,2026-06-06T16:52:07.729958
entity:聆讯后资料集,entity,聆讯后资料集,聆讯后资料集,"{""materialized_from_edge"": true}",lightrag_graph,0.58,2026-06-06T16:52:07.729958
entity:营收,entity,营收,营收,"{""materialized_from_edge"": true}",lightrag_graph,0.58,2026-06-06T16:52:07.729958
entity:经调整净亏损,entity,经调整净亏损,经调整净亏损,"{""materialized_from_edge"": true}",lightrag_graph,0.58,2026-06-06T16:52:07.729958
entity:研发投入,entity,研发投入,研发投入,"{""materialized_from_edge"": true}",lightrag_graph,0.58,2026-06-06T16:52:07.729958
entity:智谱清言,entity,智谱清言,智谱清言,"{""materialized_from_edge"": true}",lightrag_graph,0.58,2026-06-06T16:52:07.729958
entity:组织结构调整,entity,组织结构调整,组织结构调整,"{""materialized_from_edge"": true}",lightrag_graph,0.58,2026-06-06T16:52:07.729958
entity:行业场景,entity,行业场景,行业场景,"{""materialized_from_edge"": true}",lightrag_graph,0.58,2026-06-06T16:52:07.729958
entity:张鹏,entity,张鹏,张鹏,"{""materialized_from_edge"": true}",lightrag_graph,0.58,2026-06-06T16:52:07.729958
technology:AI 1.0时代,technology,AI 1.0时代,AI 1.0时代,"{""materialized_from_edge"": true}",lightrag_graph,0.58,2026-06-06T16:52:07.729958
technology:AI 2.0时代,technology,AI 2.0时代,AI 2.0时代,"{""materialized_from_edge"": true}",lightrag_graph,0.58,2026-06-06T16:52:07.729958
entity:商业化方向,entity,商业化方向,商业化方向,"{""materialized_from_edge"": true}",lightrag_graph,0.58,2026-06-06T16:52:07.729958
entity:定制化,entity,定制化,定制化,"{""materialized_from_edge"": true}",lightrag_graph,0.58,2026-06-06T16:52:07.729958
product:AI产品技术,product,AI产品技术,AI产品技术,"{""materialized_from_edge"": true}",lightrag_graph,0.58,2026-06-06T16:52:07.729958
entity:中国内地注册企业,entity,中国内地注册企业,中国内地注册企业,"{""materialized_from_edge"": true}",lightrag_graph,0.58,2026-06-06T16:52:07.729958
entity:香港交易所,entity,香港交易所,香港交易所,"{""materialized_from_edge"": true}",lightrag_graph,0.58,2026-06-06T16:52:07.729958
entity:毛利率,entity,毛利率,毛利率,"{""materialized_from_edge"": true}",lightrag_graph,0.58,2026-06-06T16:52:07.729958
entity:英特尔,entity,英特尔,英特尔,"{""materialized_from_edge"": true}",lightrag_graph,0.58,2026-06-06T16:52:07.729958
entity:生成式人工智能,entity,生成式人工智能,生成式人工智能,"{""materialized_from_edge"": true}",lightrag_graph,0.58,2026-06-06T16:52:07.729958
technology:认知智能技术,technology,认知智能技术,认知智能技术,"{""materialized_from_edge"": true}",lightrag_graph,0.58,2026-06-06T16:52:07.729958
entity:招股书,entity,招股书,招股书,"{""materialized_from_edge"": true}",lightrag_graph,0.58,2026-06-06T16:52:07.729958
entity:2025年营收7亿,entity,2025年营收7亿,2025年营收7亿,"{""materialized_from_edge"": true}",lightrag_graph,0.58,2026-06-06T16:52:07.729958
entity:亏损47亿,entity,亏损47亿,亏损47亿,"{""materialized_from_edge"": true}",lightrag_graph,0.58,2026-06-06T16:52:07.729958
entity:企业收入,entity,企业收入,企业收入,"{""materialized_from_edge"": true}",lightrag_graph,0.58,2026-06-06T16:52:07.729958
entity:国内B端商业化,entity,国内B端商业化,国内B端商业化,"{""materialized_from_edge"": true}",lightrag_graph,0.58,2026-06-06T16:52:07.729958
entity:2025年收入,entity,2025年收入,2025年收入,"{""materialized_from_edge"": true}",lightrag_graph,0.58,2026-06-06T16:52:07.729958
entity:2025年毛利,entity,2025年毛利,2025年毛利,"{""materialized_from_edge"": true}",lightrag_graph,0.58,2026-06-06T16:52:07.729958
entity:2025年经调整净亏损,entity,2025年经调整净亏损,2025年经调整净亏损,"{""materialized_from_edge"": true}",lightrag_graph,0.58,2026-06-06T16:52:07.729958
entity:2025年每股亏损,entity,2025年每股亏损,2025年每股亏损,"{""materialized_from_edge"": true}",lightrag_graph,0.58,2026-06-06T16:52:07.729958
entity:上市后首份成绩单,entity,上市后首份成绩单,上市后首份成绩单,"{""materialized_from_edge"": true}",lightrag_graph,0.58,2026-06-06T16:52:07.729958
entity:CodeGeeX智能编程助手,entity,CodeGeeX智能编程助手,CodeGeeX智能编程助手,"{""materialized_from_edge"": true}",lightrag_graph,0.58,2026-06-06T16:52:07.729958
entity:光锥智能,entity,光锥智能,光锥智能,"{""materialized_from_edge"": true}",lightrag_graph,0.58,2026-06-06T16:52:07.729958
entity:人员调整,entity,人员调整,人员调整,"{""materialized_from_edge"": true}",lightrag_graph,0.58,2026-06-06T16:52:07.729958
entity:IPO,entity,IPO,IPO,"{""materialized_from_edge"": true}",lightrag_graph,0.58,2026-06-06T16:52:07.729958
entity:招聘帖,entity,招聘帖,招聘帖,"{""materialized_from_edge"": true}",lightrag_graph,0.58,2026-06-06T16:52:07.729958
product:GLM-130B,product,GLM-130B,GLM-130B,"{""materialized_from_edge"": true}",lightrag_graph,0.58,2026-06-06T16:52:07.729958
entity:企业级解决方案,entity,企业级解决方案,企业级解决方案,"{""materialized_from_edge"": true}",lightrag_graph,0.58,2026-06-06T16:52:07.729958
entity:千行百业应用,entity,千行百业应用,千行百业应用,"{""materialized_from_edge"": true}",lightrag_graph,0.58,2026-06-06T16:52:07.729958
entity:网易,entity,网易,网易,"{""materialized_from_edge"": true}",lightrag_graph,0.58,2026-06-06T16:52:07.729958
entity:ARC Capabilities,entity,ARC Capabilities,ARC Capabilities,"{""materialized_from_edge"": true}",lightrag_graph,0.58,2026-06-06T16:52:07.729958
organization:中国前十大互联网公司,organization,中国前十大互联网公司,中国前十大互联网公司,"{""description"": ""中国前十大互联网公司是智谱的头部客户群体，其中9家深度调用GLM模型，同时这些公司具备自研模型的能力。"", ""source_id"": ""doc-159c33f0d797fd0894851a411359df00-chunk-000"", ""file_path"": ""evidence:02513:9bd8dcc71aea1308.txt""}",lightrag_graph,0.72,2026-06-06T16:52:07.754568
concept:业务落地路径,concept,业务落地路径,业务落地路径,"{""description"": ""业务落地路径是将AI技术转化为实际业务的策略和途径，本文对其进行分析。"", ""source_id"": ""doc-28d04bfb177a8df8436828b9a7314fd4-chunk-000"", ""file_path"": ""evidence:02513:188bbc6c85b01d0b.txt""}",lightrag_graph,0.72,2026-06-06T16:52:07.754568
other:AI产品技术,other,AI产品技术,AI产品技术,"{""description"": ""AI产品技术是智谱公司所应用的人工智能产品技术，与行业场景双轮驱动。"", ""source_id"": ""doc-676b8171863c25e934e20e27b2e393f0-chunk-000"", ""file_path"": ""evidence:02513:2315e55978c3764d.txt""}",lightrag_graph,0.72,2026-06-06T16:52:07.754568
concept:行业场景,concept,行业场景,行业场景,"{""description"": ""行业场景是智谱公司致力于将AI产品技术与千行百业应用相结合的目标领域。"", ""source_id"": ""doc-676b8171863c25e934e20e27b2e393f0-chunk-000"", ""file_path"": ""evidence:02513:2315e55978c3764d.txt""}",lightrag_graph,0.72,2026-06-06T16:52:07.754568
concept:企业级AI基础设施路线,concept,企业级AI基础设施路线,企业级AI基础设施路线,"{""description"": ""一种AI公司的发展路线，强调为企业提供AI基础设施服务。"", ""source_id"": ""doc-1e6e26cb9f67d6b1abacdcbf1a3612ef-chunk-000"", ""file_path"": ""evidence:02513:79fc2bd415a0b425.txt""}",lightrag_graph,0.72,2026-06-06T16:52:07.754568
concept:AI行业变化,concept,AI行业变化,AI行业变化,"{""description"": ""指整个AI行业在商业模式和发展方向上的变化趋势。"", ""source_id"": ""doc-1e6e26cb9f67d6b1abacdcbf1a3612ef-chunk-000"", ""file_path"": ""evidence:02513:79fc2bd415a0b425.txt""}",lightrag_graph,0.72,2026-06-06T16:52:07.754568
content:分析文章,content,分析文章,分析文章,"{""description"": ""分析文章是一篇关于智谱AI 2025年收入增长的分析，为高管和营销负责人提供决策参考，来源为zgeo.com.cn。"", ""source_id"": ""doc-28d04bfb177a8df8436828b9a7314fd4-chunk-000"", ""file_path"": ""evidence:02513:188bbc6c85b01d0b.txt""}",lightrag_graph,0.72,2026-06-06T16:52:07.754568
organization:英特尔,organization,英特尔,英特尔,"{""description"": ""英特尔是一家技术公司，与智谱合作深化智能生态。"", ""source_id"": ""doc-9da4919957dc304f45e11a62041e9d1c-chunk-000"", ""file_path"": ""evidence:02513:434e5b846052be06.txt""}",lightrag_graph,0.72,2026-06-06T16:52:07.754568
concept:人工智能,concept,人工智能,人工智能,"{""description"": ""人工智能是智谱业务的核心技术领域，涵盖大语言模型等应用。"", ""source_id"": ""doc-d9bbf73932d18eeffb95e83597295fa0-chunk-000"", ""file_path"": ""evidence:02513:1fee14579342d00b.txt""}",lightrag_graph,0.72,2026-06-06T16:52:07.754568
concept:生成式人工智能,concept,生成式人工智能,生成式人工智能,"{""description"": ""生成式人工智能是一种能够生成内容的人工智能技术，受《生成式人工智能服务管理暂行办法》规范。"", ""source_id"": ""doc-d9bbf73932d18eeffb95e83597295fa0-chunk-000"", ""file_path"": ""evidence:02513:1fee14579342d00b.txt""}",lightrag_graph,0.72,2026-06-06T16:52:07.754568
content:智谱2025年度报告,content,智谱2025年度报告,智谱2025年度报告,"{""description"": ""一份标题为“智谱财务报表/环境、社会及管治资料- [年报] 2025年度报告”的年度报告文件，由智谱发布。"", ""source_id"": ""doc-cd9f6b7513e5ea92692e58c69cbd8c42-chunk-000"", ""file_path"": ""evidence:02513:44325e49aa486440.txt""}",lightrag_graph,0.72,2026-06-06T16:52:07.754568
content:环境、社会及管治资料,content,环境、社会及管治资料,环境、社会及管治资料,"{""description"": ""智谱2025年度报告中包含的环境、社会和治理(ESG)信息部分。"", ""source_id"": ""doc-cd9f6b7513e5ea92692e58c69cbd8c42-chunk-000"", ""file_path"": ""evidence:02513:44325e49aa486440.txt""}",lightrag_graph,0.72,2026-06-06T16:52:07.754568
method:基座大模型,method,基座大模型,基座大模型,"{""description"": ""基座大模型是智谱AI全自研的底层大型人工智能模型，为构建AIGC模型产品提供核心能力。"", ""source_id"": ""doc-0326400fcdf73fe5cdbd8616c1a23e13-chunk-000"", ""file_path"": ""evidence:02513:d9f141da7ec3f385.txt""}",lightrag_graph,0.72,2026-06-06T16:52:07.754568
method:代码模型,method,代码模型,代码模型,"{""description"": ""代码模型是智谱提供的一种与代码生成或理解相关的人工智能模型。"", ""source_id"": ""doc-7b78a94bf9c700343fdb8338229d6b4c-chunk-000"", ""file_path"": ""evidence:02513:89cf45718fedf981.txt""}",lightrag_graph,0.72,2026-06-06T16:52:07.754568
other:AIGC模型产品矩阵,other,AIGC模型产品矩阵,AIGC模型产品矩阵,"{""description"": ""AIGC模型产品矩阵是智谱AI构建的极具竞争力的产品集合，包含多种AI模型。"", ""source_id"": ""doc-0326400fcdf73fe5cdbd8616c1a23e13-chunk-000"", ""file_path"": ""evidence:02513:d9f141da7ec3f385.txt""}",lightrag_graph,0.72,2026-06-06T16:52:07.754568
data:营收,data,营收,营收,"{""description"": ""智谱的营收数据，包括2022年5740万元、2023年1.245亿元、2024年3.124亿元、2025年上半年1.9亿元，2022年至2024年连续三年营收翻倍，复合年增长率130%。"", ""source_id"": ""doc-3bc59d9dd7efdabb5e96d649b2cf7029-chunk-000"", ""file_path"": ""evidence:02513:5ba523278dfb38a4.txt""}",lightrag_graph,0.72,2026-06-06T16:52:07.754568
concept:认知智能技术,concept,认知智能技术,认知智能技术,"{""description"": ""认知智能技术是智谱公司所结合的中国先进技术，用于与行业场景双轮驱动。"", ""source_id"": ""doc-676b8171863c25e934e20e27b2e393f0-chunk-000"", ""file_path"": ""evidence:02513:2315e55978c3764d.txt""}",lightrag_graph,0.72,2026-06-06T16:52:07.754568
entity:Hugging Face,entity,Hugging Face,Hugging Face,"{""materialized_from_edge"": true}",lightrag_graph,0.58,2026-06-06T16:52:07.756576
entity:DSA,entity,DSA,DSA,"{""materialized_from_edge"": true}",lightrag_graph,0.58,2026-06-06T16:52:07.756576
concept:估值,concept,估值,估值,"{""description"": ""智谱未来的公司估值，其高低取决于AI 2.0时代轻交付、标准化合作模式能否成功跑通。"", ""source_id"": ""doc-5647361f6bedcbde814a2fb73eeb0c1a-chunk-000"", ""file_path"": ""evidence:02513:70badf3159f93488.txt""}",lightrag_graph,0.72,2026-06-06T16:52:07.770985
other:商业化方向,other,商业化方向,商业化方向,"{""description"": ""智谱在组织调整中重点探索的商业化路径，试图摆脱过去的定制化模式，转向更高效的标准合作模式。"", ""source_id"": ""doc-5647361f6bedcbde814a2fb73eeb0c1a-chunk-000"", ""file_path"": ""evidence:02513:70badf3159f93488.txt""}",lightrag_graph,0.72,2026-06-06T16:52:07.770985
other:组织结构调整,other,组织结构调整,组织结构调整,"{""description"": ""智谱进行的组织架构调整，直接面向商业化方向，释放出公司对商业模式的重新思考。"", ""source_id"": ""doc-5647361f6bedcbde814a2fb73eeb0c1a-chunk-000"", ""file_path"": ""evidence:02513:70badf3159f93488.txt""}",lightrag_graph,0.72,2026-06-06T16:52:07.770985
other:媒体沟通会,other,媒体沟通会,媒体沟通会,"{""description"": ""智谱举办的媒体沟通会，CEO张鹏在会上回应了关于客户自研模型的疑问。"", ""source_id"": ""doc-159c33f0d797fd0894851a411359df00-chunk-000"", ""file_path"": ""evidence:02513:9bd8dcc71aea1308.txt""}",lightrag_graph,0.72,2026-06-06T16:52:07.770985
person:张鹏,person,张鹏,张鹏,"{""description"": ""张鹏是智谱的CEO，在媒体沟通会上就大厂自研模型的竞争问题发表回应。"", ""source_id"": ""doc-159c33f0d797fd0894851a411359df00-chunk-000"", ""file_path"": ""evidence:02513:9bd8dcc71aea1308.txt""}",lightrag_graph,0.72,2026-06-06T16:52:07.770985
concept:投资风险因素,concept,投资风险因素,投资风险因素,"{""description"": ""投资风险因素指投资中国内地注册企业所涉及的特定风险，包括法律、经济及金融体系差异等。"", ""source_id"": ""doc-bbbb32529f902c38e6fcea699979689e-chunk-000"", ""file_path"": ""evidence:02513:d2b44ba8ea4d1c7b.txt""}",lightrag_graph,0.72,2026-06-06T16:52:07.770985
person:潜在投资者,person,潜在投资者,潜在投资者,"{""description"": ""潜在投资者是考虑投资于中国内地注册企业的个人或机构，需了解相关法律、经济和金融体系差异及风险因素。"", ""source_id"": ""doc-bbbb32529f902c38e6fcea699979689e-chunk-000"", ""file_path"": ""evidence:02513:d2b44ba8ea4d1c7b.txt""}",lightrag_graph,0.72,2026-06-06T16:52:07.770985
concept:国内B端商业化,concept,国内B端商业化,国内B端商业化,"{""description"": ""国内B端商业化是指在中国国内面向企业(B端)的商业化运营能力，智谱在这方面更为扎实。"", ""source_id"": ""doc-1e6e26cb9f67d6b1abacdcbf1a3612ef-chunk-000"", ""file_path"": ""evidence:02513:79fc2bd415a0b425.txt""}",lightrag_graph,0.72,2026-06-06T16:52:07.770985
concept:金融体系差异,concept,金融体系差异,金融体系差异,"{""description"": ""金融体系差异指中华人民共和国与香港之间在金融市场、监管等方面的不同。"", ""source_id"": ""doc-bbbb32529f902c38e6fcea699979689e-chunk-000"", ""file_path"": ""evidence:02513:d2b44ba8ea4d1c7b.txt""}",lightrag_graph,0.72,2026-06-06T16:52:07.770985
concept:经济体系差异,concept,经济体系差异,经济体系差异,"{""description"": ""经济体系差异指中华人民共和国与香港之间在经济体制、市场规则等方面的不同。"", ""source_id"": ""doc-bbbb32529f902c38e6fcea699979689e-chunk-000"", ""file_path"": ""evidence:02513:d2b44ba8ea4d1c7b.txt""}",lightrag_graph,0.72,2026-06-06T16:52:07.770985
concept:法律体系差异,concept,法律体系差异,法律体系差异,"{""description"": ""法律体系差异指中华人民共和国与香港之间在法律规范、司法制度等方面的不同。"", ""source_id"": ""doc-bbbb32529f902c38e6fcea699979689e-chunk-000"", ""file_path"": ""evidence:02513:d2b44ba8ea4d1c7b.txt""}",lightrag_graph,0.72,2026-06-06T16:52:07.770985
method:技术划线测量,method,技术划线测量,技术划线测量,"{""description"": ""技术划线测量是一种技术分析方法，数据分析软件偏重于此功能而缺乏其他投资所需的功能。"", ""source_id"": ""doc-f2cf379daa921290ffc504fa5ea785c6-chunk-000"", ""file_path"": ""evidence:02513:9ca2448e1b8b07c0.txt""}",lightrag_graph,0.72,2026-06-06T16:52:07.770985
artifact:数据分析软件,artifact,数据分析软件,数据分析软件,"{""description"": ""用户评论中提及的免费及付费数据分析软件，存在功能过多或过偏的问题。"", ""source_id"": ""doc-f2cf379daa921290ffc504fa5ea785c6-chunk-000"", ""file_path"": ""evidence:02513:9ca2448e1b8b07c0.txt""}",lightrag_graph,0.72,2026-06-06T16:52:07.770985
concept:投资,concept,投资,投资,"{""description"": ""投资是数据分析软件所服务的领域，但软件在投资所需功能上存在不足。"", ""source_id"": ""doc-f2cf379daa921290ffc504fa5ea785c6-chunk-000"", ""file_path"": ""evidence:02513:9ca2448e1b8b07c0.txt""}",lightrag_graph,0.72,2026-06-06T16:52:07.770985
concept:大语言模型,concept,大语言模型,大语言模型,"{""description"": ""大语言模型是一种基于大规模参数和训练数据的人工智能模型类型，擅长理解和生成自然语言文本。"", ""source_id"": ""doc-d9bbf73932d18eeffb95e83597295fa0-chunk-000"", ""file_path"": ""evidence:02513:1fee14579342d00b.txt""}",lightrag_graph,0.72,2026-06-06T16:52:07.770985
concept:企业AI化,concept,企业AI化,企业AI化,"{""description"": ""企业AI化指企业引入人工智能进行转型升级，本文为这一过程提供启示。"", ""source_id"": ""doc-28d04bfb177a8df8436828b9a7314fd4-chunk-000"", ""file_path"": ""evidence:02513:188bbc6c85b01d0b.txt""}",lightrag_graph,0.72,2026-06-06T16:52:07.770985
content:智谱：2025年全年总收入7.24亿元，同比增长131.9% | 科技 ...,content,智谱：2025年全年总收入7.24亿元，同比增长131.9% | 科技 ...,智谱：2025年全年总收入7.24亿元，同比增长131.9% | 科技 ...,"{""description"": ""这是一篇关于智谱AI 2025年收入增长的分析文章，发布在zgeo.com.cn，为高管和营销负责人提供决策参考。"", ""source_id"": ""doc-28d04bfb177a8df8436828b9a7314fd4-chunk-000"", ""file_path"": ""evidence:02513:188bbc6c85b01d0b.txt""}",lightrag_graph,0.72,2026-06-06T16:52:07.770985
location:中华人民共和国,location,中华人民共和国,中华人民共和国,"{""description"": ""中华人民共和国是《生成式人工智能服务管理暂行办法》的制定和施行主体。<SEP>中华人民共和国是中国内地，法律、经济和金融体系与香港存在差异。"", ""source_id"": ""doc-d9bbf73932d18eeffb95e83597295fa0-chunk-000<SEP>doc-bbbb32529f902c38e6fcea699979689e-chunk-000"", ""file_path"": ""evidence:02513:1fee14579342d00b.txt<SEP>evidence:02513:d2b44ba8ea4d1c7b.txt""}",lightrag_graph,0.72,2026-06-06T16:52:07.770985
location:香港,location,香港,香港,"{""description"": ""香港是02513股票代码对应的上市市场所在地。<SEP>香港是亚洲金融中心，市场缩写为HK，是智谱的上市地点。<SEP>香港是特别行政区，拥有与中国内地不同的法律、经济和金融体系。"", ""source_id"": ""doc-cd9f6b7513e5ea92692e58c69cbd8c42-chunk-000<SEP>doc-f8b78a46366375f3314cee16510bc31b-chunk-000<SEP>doc-bbbb32529f902c38e6fcea699979689e-chunk-000"", ""file_path"": ""evidence:02513:44325e49aa486440.txt<SEP>evidence:02513:7cfbd96da05cf3fb.txt<SEP>evidence:02513:d2b44ba8ea4d1c7b.txt""}",lightrag_graph,0.72,2026-06-06T16:52:07.770985
concept:价值派,concept,价值派,价值派,"{""description"": ""价值派是数据分析软件需要兼顾的一类用户群体，以价值分析为投资依据。"", ""source_id"": ""doc-f2cf379daa921290ffc504fa5ea785c6-chunk-000"", ""file_path"": ""evidence:02513:9ca2448e1b8b07c0.txt""}",lightrag_graph,0.72,2026-06-06T16:52:07.770985
data:研发投入,data,研发投入,研发投入,"{""description"": ""智谱的研发投入数据，分别为2022年8440万元、2023年5.289亿元、2024年21.954亿元、2025年上半年15.947亿元，累计约44亿元，是导致净亏损的主要原因。"", ""source_id"": ""doc-3bc59d9dd7efdabb5e96d649b2cf7029-chunk-000"", ""file_path"": ""evidence:02513:5ba523278dfb38a4.txt""}",lightrag_graph,0.72,2026-06-06T16:52:07.770985
data:经调整净亏损,data,经调整净亏损,经调整净亏损,"{""description"": ""智谱的经调整净亏损数据，分别为2022年9740万元、2023年6.21亿元、2024年24.656亿元、2025年上半年17.52亿元，亏损主要原因在于巨额的研发投入。"", ""source_id"": ""doc-3bc59d9dd7efdabb5e96d649b2cf7029-chunk-000"", ""file_path"": ""evidence:02513:5ba523278dfb38a4.txt""}",lightrag_graph,0.72,2026-06-06T16:52:07.770985
other:IPO,other,IPO,IPO,"{""description"": ""首次公开募股，智谱正处于上市筹备阶段，组织架构调整是这一阶段的常见动作。"", ""source_id"": ""doc-5647361f6bedcbde814a2fb73eeb0c1a-chunk-000"", ""file_path"": ""evidence:02513:70badf3159f93488.txt""}",lightrag_graph,0.72,2026-06-06T16:52:07.770985
content:前瞻眼,content,前瞻眼,前瞻眼,"{""description"": ""一个提供沪深A股、新三板、港股美股财务报表分析对比的网站或平台，隶属于深圳前瞻资讯股份有限公司。"", ""source_id"": ""doc-06c43f61bb1289107460546360de1b17-chunk-000"", ""file_path"": ""evidence:02513:201b1a4e5b38aee0.txt""}",lightrag_graph,0.72,2026-06-06T16:52:07.770985
content:智谱(02513.HK)_沪深A股_新三板_港股美股_财务报表完整分析对比_财务报告查询-前瞻眼,content,智谱(02513.HK)_沪深A股_新三板_港股美股_财务报表完整分析对比_财务报告查询-前瞻眼,智谱(02513.HK)_沪深A股_新三板_港股美股_财务报表完整分析对比_财务报告查询-前瞻眼,"{""description"": ""该网页的完整标题，指示页面提供02513.HK智谱公司的财务报表完整分析对比与财务报告查询服务，来源为前瞻眼平台。"", ""source_id"": ""doc-06c43f61bb1289107460546360de1b17-chunk-000"", ""file_path"": ""evidence:02513:201b1a4e5b38aee0.txt""}",lightrag_graph,0.72,2026-06-06T16:52:07.770985
evidence_chunk:8986dfcafb13,evidence_chunk,evidence:02513:9ca2448e1b8b07c0.txt,evidence:02513:9ca2448e1b8b07c0.txt,"{""content"": ""STOCK_CODE: 02513\nMARKET: HK\nALIASES: 02513; 智谱\nSOURCE: source_aware_search\nTITLE: query=02513.HK 智谱 company profile business segments annual report; rank=2; title=智谱(02513)公司概况\nURL: https://www.lixinger.com/equity/company/detail/hk/02513/2513/profile\nFETCHED_AT: 2026-06-06T08:59:12.865099\n\nSUMMARY:\nrank=2; engine=brave; score=1.0; url=https://www.lixinger.com/equity/company/detail/hk/02513/2513/profile; hash=757d081023b8886d; snippet=“用过很多免费及付费数据分析软件，主要问题有两个：一是功能过多，不得不兼顾技术派、消息派、价值派等用户的需要，把整个软件做的庞杂冗余，二是功能过偏，仅仅为技术划线测量使用，缺少太多投资中需要的重...\n\nRAW_TEXT:\n“用过很多免费及付费数据分析软件，主要问题有两个：一是功能过多，不得不兼顾技术派、消息派、价值派等用户的需要，把整个软件做的庞杂冗余，二是功能过偏，仅仅为技术划线测量使用，缺少太多投资中需要的重..."", ""file_path"": ""evidence:02513:9ca2448e1b8b07c0.txt""}",lightrag_graph,0.65,2026-06-06T16:52:07.770985
evidence_chunk:61db2acc044d,evidence_chunk,evidence:02513:79fc2bd415a0b425.txt,evidence:02513:79fc2bd415a0b425.txt,"{""content"": ""STOCK_CODE: 02513\nMARKET: HK\nALIASES: 02513; 智谱\nSOURCE: source_aware_search\nTITLE: query=智谱 智谱 新闻 合作 客户 收入; rank=5; title=智谱首份财报：2025年营收翻倍至7亿，亏损47亿，大模型 ...\nURL: https://www.163.com/tech/article/KPCPLQK100098IEO.html\nFETCHED_AT: 2026-06-06T08:59:17.057779\n\nSUMMARY:\nrank=5; engine=duckduckgo; score=0.2; url=https://www.163.com/tech/article/KPCPLQK100098IEO.html; hash=efafe30406fafa1e; snippet=智谱的优势在于，企业收入盘子更大，国内B端商业化更扎实；MiniMax的优势则在于，海外化更强，产品化特征更明显。 也就是说，智谱更像是在走\""企业级AI基础设施\""路线，而MiniMax更像是在走\""全球AI产品公司\""路线。 这背后也反映出整个行业的变化。\n\nRAW_TEXT:\n智谱的优势在于，企业收入盘子更大，国内B端商业化更扎实；MiniMax的优势则在于，海外化更强，产品化特征更明显。 也就是说，智谱更像是在走\""企业级AI基础设施\""路线，而MiniMax更像是在走\""全球AI产品公司\""路线。 这背后也反映出整个行业的变化。"", ""file_path"": ""evidence:02513:79fc2bd415a0b425.txt""}",lightrag_graph,0.65,2026-06-06T16:52:07.770985
evidence_chunk:6c334d3d45df,evidence_chunk,evidence:02513:70badf3159f93488.txt,evidence:02513:70badf3159f93488.txt,"{""content"": ""STOCK_CODE: 02513\nMARKET: HK\nALIASES: 02513; 智谱\nSOURCE: source_aware_search\nTITLE: query=智谱 智谱 官方 产品 技术 业务; rank=4; title=智谱\""瘦身\""，AI公司的商业化大考_腾讯新闻\nURL: https://news.qq.com/rain/a/20251021A074N300\nFETCHED_AT: 2026-06-06T08:59:13.764775\n\nSUMMARY:\nrank=4; engine=duckduckgo; score=0.25; url=https://news.qq.com/rain/a/20251021A074N300; hash=eb371d23026be7c2; snippet=对此，智谱方面回应光锥智能表示，网上传言的大规模裁员不符合事实，公司产品和研发部门运转正常，此次是基于公司战略目标的人员调整，涉及十余人。 智谱近期在其官方公众号发布的招聘帖显示，包括多模态生成算法工程师、推理优化工程师、产品和业务团队在内的近50个岗位待招。 对于一家即将IPO的公司来说，组织架构调整都是一个不意外的选择。 智谱的组织结构调整，释放出的是这家公司对于商业化方向的思考和改变。 与其说是智谱的个案，不如说是中国大模型行业在技术狂飙突进，与商业化落地曲折中前行的缩影。 如今， 智谱正在试图从AI 1.0时代的定制化阴影中快速转变，试图跑通属于AI 2.0时代的轻交付、标准化合作模式，能不能走通，是影响智谱未来估值的关键。\n\nRAW_TEXT:\n对此，智谱方面回应光锥智能表示，网上传言的大规模裁员不符合事实，公司产品和研发部门运转正常，此次是基于公司战略目标的人员调整，涉及十余人。 智谱近期在其官方公众号发布的招聘帖显示，包括多模态生成算法工程师、推理优化工程师、产品和业务团队在内的近50个岗位待招。 对于一家即将IPO的公司来说，组织架构调整都是一个不意外的选择。 智谱的组织结构调整，释放出的是这家公司对于商业化方向的思考和改变。 与其说是智谱的个案，不如说是中国大模型行业在技术狂飙突进，与商业化落地曲折中前行的缩影。 如今， 智谱正在试图从AI 1.0时代的定制化阴影中快速转变，试图跑通属于AI 2.0时代的轻交付、标准化合作模式，能不能走通"", ""file_path"": ""evidence:02513:70badf3159f93488.txt""}",lightrag_graph,0.65,2026-06-06T16:52:07.770985
entity:长时程智能体协作,entity,长时程智能体协作,长时程智能体协作,"{""materialized_from_edge"": true}",lightrag_graph,0.58,2026-06-06T16:52:07.772978
entity:智能体能力,entity,智能体能力,智能体能力,"{""materialized_from_edge"": true}",lightrag_graph,0.58,2026-06-06T16:52:07.772978
technology:Vibe Coding,technology,Vibe Coding,Vibe Coding,"{""materialized_from_edge"": true}",lightrag_graph,0.58,2026-06-06T16:52:07.772978
entity:生成式人工智能服务管理暂行办法,entity,生成式人工智能服务管理暂行办法,生成式人工智能服务管理暂行办法,"{""materialized_from_edge"": true}",lightrag_graph,0.58,2026-06-06T16:52:07.772978
entity:智谱首份财报,entity,智谱首份财报,智谱首份财报,"{""materialized_from_edge"": true}",lightrag_graph,0.58,2026-06-06T16:52:07.772978
product:智谱大模型开放平台,product,智谱大模型开放平台,智谱大模型开放平台,"{""materialized_from_edge"": true}",lightrag_graph,0.58,2026-06-06T16:52:07.772978
entity:中国前十大互联网公司,entity,中国前十大互联网公司,中国前十大互联网公司,"{""materialized_from_edge"": true}",lightrag_graph,0.58,2026-06-06T16:52:07.772978
stock:02513,stock,02513,02513,"{""market"": ""HK""}",lightrag_graph,1.0,2026-06-06T16:52:07.787179
concept:ARC Capabilities,concept,ARC Capabilities,ARC Capabilities,"{""description"": ""ARC(Agentic, Reasoning, and Coding)能力是GLM-5前代模型所具备的核心能力。"", ""source_id"": ""doc-b4e38788f6345e577d0544273756e626-chunk-000"", ""file_path"": ""evidence:02513:a2199ad093dcd419.txt""}",lightrag_graph,0.72,2026-06-06T16:52:07.787179
artifact:GLM-5家族,artifact,GLM-5家族,GLM-5家族,"{""description"": ""GLM-5家族是智谱AI在2026年推出的以智能体工程为导向的新一代模型系列，体现了从语言建模到智能体的转型。<SEP>GLM-5家族是智谱AI于2026年推出的以智能体工程为导向的模型系列，代表了端到端智能体转型的最新成果。"", ""source_id"": ""doc-40d998d2ad3776bfa02b8cc39ceaa073-chunk-000<SEP>doc-68acb4bb9d5b8bf722b114092a63d02d-chunk-000"", ""file_path"": ""evidence:02513:80a6e2b94201e945.txt<SEP>evidence:02513:edc4e3bef28dd82e.txt""}",lightrag_graph,0.72,2026-06-06T16:52:07.787179
content:arXiv论文2602.15763,content,arXiv论文2602.15763,arXiv论文2602.15763,"{""description"": ""arXiv论文2602.15763介绍了GLM-5模型。"", ""source_id"": ""doc-b4e38788f6345e577d0544273756e626-chunk-000"", ""file_path"": ""evidence:02513:a2199ad093dcd419.txt""}",lightrag_graph,0.72,2026-06-06T16:52:07.787179
organization:智谱AI,organization,智谱AI,智谱AI,"{""description"": ""智谱AI是开发GLM-5模型的人工智能公司。<SEP>智谱AI(Zhipu AI)是一家人工智能公司，于2026年上市后更名为Z.ai，以GLM架构为核心构建了庞大技术体系，在MoE架构优化、推理思维对齐、长时程智能体协作等领域贡献了标志性成果。<SEP>智谱AI，全称为北京智谱华章科技有限公司，是一家基于全自研基座大模型构建AIGC模型产品矩阵的公司。<SEP>智谱AI是一家国内大模型初创公司，2025年总收入达7.24亿元，反映了AI技术商业化加速趋势。<SEP>智谱AI(Zhipu AI)是一家人工智能公司，于2026年上市后更名为Z.ai，依托深厚的学术积淀和工程能力，构建了以GLM架构为核心的技术体系，并在MoE架构优化、推理思维对齐、长时程智能体协作等领域贡献了标志性成果。"", ""source_id"": ""doc-93950896a6b0ceeaf6354962d9632b74-chunk-000<SEP>doc-40d998d2ad3776bfa02b8cc39ceaa073-chunk-000<SEP>doc-0326400fcdf73fe5cdbd8616c1a23e13-chunk-000<SEP>doc-28d04bfb177a8df8436828b9a7314fd4-chunk-000<SEP>doc-68acb4bb9d5b8bf722b114092a63d02d-chunk-000"", ""file_path"": ""evidence:02513:4a23a57f0cd55f15.txt<SEP>evidence:02513:80a6e2b94201e945.txt<SEP>evidence:02513:d9f141da7ec3f385.txt<SEP>evidence:02513:188bbc6c85b01d0b.txt<SEP>evidence:02513:edc4e3bef28dd82e.txt""}",lightrag_graph,0.72,2026-06-06T16:52:07.787179
artifact:GLM-5,artifact,GLM-5,GLM-5,"{""description"": ""GLM-5是智谱AI开发的第五代大语言模型，拥有7450亿参数、440亿激活的混合专家架构、200K上下文窗口，具备智能体能力，支持创意写作、编程和推理，并以开源方式发布。<SEP>GLM-5是下一代基础模型，设计目标是将vibe coding范式转变为agentic engineering，并采用DSA以显著降低训练和推理成本，同时保持长上下文保真度。"", ""source_id"": ""doc-93950896a6b0ceeaf6354962d9632b74-chunk-000<SEP>doc-b4e38788f6345e577d0544273756e626-chunk-000"", ""file_path"": ""evidence:02513:4a23a57f0cd55f15.txt<SEP>evidence:02513:a2199ad093dcd419.txt""}",lightrag_graph,0.72,2026-06-06T16:52:07.787179
organization:智谱,organization,智谱,智谱,"{""description"": ""智谱是一家专注于人工智能领域的公司，已在香港交易所成功上市，股票代码为02513.HK。根据公开资料，该公司在上市前曾积极筹备，目标成为“全球大模型第一股”，并于2025年公布了上市后的首份财务报告，进一步巩固了其在资本市场的地位。公司CEO张鹏在媒体沟通会上就商业化等议题进行了回应。\n\n在产品与技术层面，智谱构建了涵盖智能体模型、代码模型和模型即服务（MaaS）平台的产品体系。公司于2023年推出了大语言模型“智谱清言”，随后在2024年陆续发布了新一代大模型GLM-4和GLM-4-Plus。此外，智谱还开发了CodeGeeX智能编程助手，并与英特尔等伙伴合作，不断拓展其智能生态系统，致力于将认知智能技术与行业应用深度融合。\n\n在商业化方面，智谱通过较大的企业收入规模，在国内B端市场奠定了扎实的基础，展现出较强的企业服务能力。其核心优势在于能将前沿的大模型技术与产业需求紧密结合，为客户提供从底层模型到上层应用的完整解决方案。近期，公司进行了一系列组织架构调整，积极推动商业化转型，其发展历程被视为中国大模型行业演进的一个缩影。此外，智谱的公司信息及股票数据也被新浪财经、同花顺等金融平台收录和提供。<SEP>智谱是一家在香港上市的公司，股票代码为02513，出现在针对其年报和招股书的搜索查询中。<SEP>“智谱”是北京智谱华章科技股份有限公司的简称，用于股票别名及日常称呼。<SEP>智谱是一家中国内地注册并在香港上市的公司，全称为Knowledge Atlas Technology Joint Stock Company Limited，股票代码02513。"", ""source_id"": ""doc-7b78a94bf9c700343fdb8338229d6b4c-chunk-000<SEP>doc-17b32dcf7738724991c2f427a0eff142-chunk-000<SEP>doc-3bc59d9dd7efdabb5e96d649b2cf7029-chunk-000<SEP>doc-1e6e26cb9f67d6b1abacdcbf1a3612ef-chunk-000<SEP>doc-4af6bd61e79109ab6732460c02dcbbee-chunk-000<SEP>doc-b4e38788f6345e577d0544273756e626-chunk-000<SEP>doc-d9bbf73932d18eeffb95e83597295fa0-chunk-000<SEP>doc-9da4919957dc304f45e11a62041e9d1c-chunk-000<SEP>doc-5647361f6bedcbde814a2fb73eeb0c1a-chunk-000<SEP>doc-159c33f0d797fd0894851a411359df00-chunk-000<SEP>doc-676b8171863c25e934e20e27b2e393f0-chunk-000<SEP>doc-06c43f61bb1289107460546360de1b17-chunk-000<SEP>doc-0fb260a7589d7c16c051233370004b49-chunk-000<SEP>doc-cb24584fb61d6a7f609e40760cae9f51-chunk-000<SEP>doc-cd9f6b7513e5ea92692e58c69cbd8c42-chunk-000<SEP>doc-f8b78a46366375f3314cee16510bc31b-chunk-000<SEP>doc-e6bb9546f62c7e78cec5f84032400abb-chunk-000<SEP>doc-bbbb32529f902c38e6fcea699979689e-chunk-000"", ""file_path"": ""evidence:02513:89cf45718fedf981.txt<SEP>evidence:02513:5b66659d0e278f6c.txt<SEP>evidence:02513:5ba523278dfb38a4.txt<SEP>evidence:02513:79fc2bd415a0b425.txt<SEP>evidence:02513:3a2946fdc6d7525b.txt<SEP>evidence:02513:a2199ad093dcd419.txt<SEP>evidence:02513:1fee14579342d00b.txt<SEP>evidence:02513:434e5b846052be06.txt<SEP>evidence:02513:70badf3159f93488.txt<SEP>evidence:02513:9bd8dcc71aea1308.txt<SEP>evidence:02513:2315e55978c3764d.txt<SEP>evidence:02513:201b1a4e5b38aee0.txt<SEP>evidence:02513:ed017f7b8f3c38b0.txt<SEP>evidence:02513:3925dd1fcacc0749.txt<SEP>evidence:02513:44325e49aa486440.txt<SEP>evidence:02513:7cfbd96da05cf3fb.txt<SEP>evidence:02513:23901e2bb2ed06e1.txt<SEP>evidence:02513:d2b44ba8ea4d1c7b.txt""}",lightrag_graph,0.72,2026-06-06T16:52:07.787179
method:DSA,method,DSA,DSA,"{""description"": ""DSA是一种被GLM-5采用的技术，用于降低训练和推理成本并保持长上下文保真度。"", ""source_id"": ""doc-b4e38788f6345e577d0544273756e626-chunk-000"", ""file_path"": ""evidence:02513:a2199ad093dcd419.txt""}",lightrag_graph,0.72,2026-06-06T16:52:07.787179
artifact:模型微调、部署及智能体开发集成工具,artifact,模型微调、部署及智能体开发集成工具,模型微调、部署及智能体开发集成工具,"{""description"": ""这是一个集成工具集，用于模型的微调、部署以及智能体应用的开发。"", ""source_id"": ""doc-7b78a94bf9c700343fdb8338229d6b4c-chunk-000"", ""file_path"": ""evidence:02513:89cf45718fedf981.txt""}",lightrag_graph,0.72,2026-06-06T16:52:07.787179
data:备案号Beijing-ChatGLM-20230821,data,备案号Beijing-ChatGLM-20230821,备案号Beijing-ChatGLM-20230821,"{""description"": ""备案号Beijing-ChatGLM-20230821是智谱清言通过生成式人工智能服务管理备案的官方标识。"", ""source_id"": ""doc-d9bbf73932d18eeffb95e83597295fa0-chunk-000"", ""file_path"": ""evidence:02513:1fee14579342d00b.txt""}",lightrag_graph,0.72,2026-06-06T16:52:07.787179
method:智能体模型,method,智能体模型,智能体模型,"{""description"": ""智能体模型是智谱提供的一种用于构建智能体应用的人工智能模型。"", ""source_id"": ""doc-7b78a94bf9c700343fdb8338229d6b4c-chunk-000"", ""file_path"": ""evidence:02513:89cf45718fedf981.txt""}",lightrag_graph,0.72,2026-06-06T16:52:07.787179
artifact:GLM-5 Predecessor,artifact,GLM-5 Predecessor,GLM-5 Predecessor,"{""description"": ""GLM-5的前代模型，具备agentic、reasoning和coding能力，是GLM-5构建的基础。"", ""source_id"": ""doc-b4e38788f6345e577d0544273756e626-chunk-000"", ""file_path"": ""evidence:02513:a2199ad093dcd419.txt""}",lightrag_graph,0.72,2026-06-06T16:52:07.787179
artifact:LLM模型,artifact,LLM模型,LLM模型,"{""description"": ""LLM模型是智谱大模型开放平台研发的多款大语言模型产品。"", ""source_id"": ""doc-676b8171863c25e934e20e27b2e393f0-chunk-000"", ""file_path"": ""evidence:02513:2315e55978c3764d.txt""}",lightrag_graph,0.72,2026-06-06T16:52:07.787179
artifact:GLM-4-Plus,artifact,GLM-4-Plus,GLM-4-Plus,"{""description"": ""GLM-4-Plus是智谱于2024年发布的另一款大模型软件。"", ""source_id"": ""doc-d9bbf73932d18eeffb95e83597295fa0-chunk-000"", ""file_path"": ""evidence:02513:1fee14579342d00b.txt""}",lightrag_graph,0.72,2026-06-06T16:52:07.787179
other:智谱大模型开放平台,other,智谱大模型开放平台,智谱大模型开放平台,"{""description"": ""智谱大模型开放平台是智谱公司开发的新一代国产自主通用AI大模型开放平台，提供LLM模型和多模态视觉模型，是国内排名前列的大模型网站。"", ""source_id"": ""doc-676b8171863c25e934e20e27b2e393f0-chunk-000"", ""file_path"": ""evidence:02513:2315e55978c3764d.txt""}",lightrag_graph,0.72,2026-06-06T16:52:07.787179
artifact:GLM-4,artifact,GLM-4,GLM-4,"{""description"": ""GLM-4是智谱于2024年发布的大模型软件。"", ""source_id"": ""doc-d9bbf73932d18eeffb95e83597295fa0-chunk-000"", ""file_path"": ""evidence:02513:1fee14579342d00b.txt""}",lightrag_graph,0.72,2026-06-06T16:52:07.787179
method:AI开发新模式,method,AI开发新模式,AI开发新模式,"{""description"": ""AI开发新模式是智谱大模型开放平台致力于构建的更高精度、高效率、通用化的AI开发模式。"", ""source_id"": ""doc-676b8171863c25e934e20e27b2e393f0-chunk-000"", ""file_path"": ""evidence:02513:2315e55978c3764d.txt""}",lightrag_graph,0.72,2026-06-06T16:52:07.787179
concept:Agentic Engineering,concept,Agentic Engineering,Agentic Engineering,"{""description"": ""Agentic Engineering是GLM-5希望实现的下一代工程范式。"", ""source_id"": ""doc-b4e38788f6345e577d0544273756e626-chunk-000"", ""file_path"": ""evidence:02513:a2199ad093dcd419.txt""}",lightrag_graph,0.72,2026-06-06T16:52:07.787179
artifact:多模态视觉模型,artifact,多模态视觉模型,多模态视觉模型,"{""description"": ""多模态视觉模型是智谱大模型开放平台研发的多模态视觉模型产品。"", ""source_id"": ""doc-676b8171863c25e934e20e27b2e393f0-chunk-000"", ""file_path"": ""evidence:02513:2315e55978c3764d.txt""}",lightrag_graph,0.72,2026-06-06T16:52:07.787179
artifact:GLM-130B,artifact,GLM-130B,GLM-130B,"{""description"": ""GLM-130B是智谱AI于2022年发布的双语稠密模型，标志着公司在大模型领域的破局。<SEP>GLM-130B是智谱AI于2022年发布的双语稠密模型，标志着中国大模型产业的突破。"", ""source_id"": ""doc-40d998d2ad3776bfa02b8cc39ceaa073-chunk-000<SEP>doc-68acb4bb9d5b8bf722b114092a63d02d-chunk-000"", ""file_path"": ""evidence:02513:80a6e2b94201e945.txt<SEP>evidence:02513:edc4e3bef28dd82e.txt""}",lightrag_graph,0.72,2026-06-06T16:52:07.787179
artifact:智谱清言(ChatGLM),artifact,智谱清言(ChatGLM),智谱清言(ChatGLM),"{""description"": ""智谱清言是智谱推出的人工智能大语言模型软件，具备通过对话实现智能服务的功能，并于2023年8月31日通过中国生成式人工智能服务管理备案。"", ""source_id"": ""doc-d9bbf73932d18eeffb95e83597295fa0-chunk-000"", ""file_path"": ""evidence:02513:1fee14579342d00b.txt""}",lightrag_graph,0.72,2026-06-06T16:52:07.787179
concept:长时程智能体协作,concept,长时程智能体协作,长时程智能体协作,"{""description"": ""长时程智能体协作是智谱AI在智能体领域的前沿研究方向，聚焦长时间任务中多个智能体的协同工作。<SEP>长时程智能体协作是智谱AI在智能体技术方向上的前沿研究课题，关注长时间跨度下多智能体的协同工作。"", ""source_id"": ""doc-40d998d2ad3776bfa02b8cc39ceaa073-chunk-000<SEP>doc-68acb4bb9d5b8bf722b114092a63d02d-chunk-000"", ""file_path"": ""evidence:02513:80a6e2b94201e945.txt<SEP>evidence:02513:edc4e3bef28dd82e.txt""}",lightrag_graph,0.72,2026-06-06T16:52:07.787179
method:GLM架构,method,GLM架构,GLM架构,"{""description"": ""GLM(General Language Model)架构是智谱AI开发的双语预训练语言模型核心架构，支撑了从GLM-130B到GLM-5家族的演进。<SEP>GLM(General Language Model)是智谱AI构建庞大技术体系的核心架构，支撑了从GLM-130B到GLM-5家族等多代模型的演进。"", ""source_id"": ""doc-40d998d2ad3776bfa02b8cc39ceaa073-chunk-000<SEP>doc-68acb4bb9d5b8bf722b114092a63d02d-chunk-000"", ""file_path"": ""evidence:02513:80a6e2b94201e945.txt<SEP>evidence:02513:edc4e3bef28dd82e.txt""}",lightrag_graph,0.72,2026-06-06T16:52:07.787179
concept:全球大模型第一股,concept,全球大模型第一股,全球大模型第一股,"{""description"": ""指在人工智能大模型领域全球领先的上市公司地位，智谱正冲刺成为这样的公司。"", ""source_id"": ""doc-3bc59d9dd7efdabb5e96d649b2cf7029-chunk-000"", ""file_path"": ""evidence:02513:5ba523278dfb38a4.txt""}",lightrag_graph,0.72,2026-06-06T16:52:07.787179
organization:Z.ai,organization,Z.ai,Z.ai,"{""description"": ""Z.ai是提供GLM-5模型访问服务的平台。<SEP>Z.ai是智谱的官方网站，标语为“Inspiring AGI to Benefit Humanity”。"", ""source_id"": ""doc-93950896a6b0ceeaf6354962d9632b74-chunk-000<SEP>doc-9da4919957dc304f45e11a62041e9d1c-chunk-000"", ""file_path"": ""evidence:02513:4a23a57f0cd55f15.txt<SEP>evidence:02513:434e5b846052be06.txt""}",lightrag_graph,0.72,2026-06-06T16:52:07.787179
concept:智能体能力,concept,智能体能力,智能体能力,"{""description"": ""智能体能力指GLM-5模型所具备的自主规划、决策和执行任务的功能特性。"", ""source_id"": ""doc-93950896a6b0ceeaf6354962d9632b74-chunk-000"", ""file_path"": ""evidence:02513:4a23a57f0cd55f15.txt""}",lightrag_graph,0.72,2026-06-06T16:52:07.787179
organization:Hugging Face,organization,Hugging Face,Hugging Face,"{""description"": ""Hugging Face是托管并分发GLM-5模型的开源机器学习平台。"", ""source_id"": ""doc-93950896a6b0ceeaf6354962d9632b74-chunk-000"", ""file_path"": ""evidence:02513:4a23a57f0cd55f15.txt""}",lightrag_graph,0.72,2026-06-06T16:52:07.787179
concept:大模型,concept,大模型,大模型,"{""description"": ""大模型是人工智能领域的大型语言模型或多模态模型，与智谱的业务相关。"", ""source_id"": ""doc-1e6e26cb9f67d6b1abacdcbf1a3612ef-chunk-000"", ""file_path"": ""evidence:02513:79fc2bd415a0b425.txt""}",lightrag_graph,0.72,2026-06-06T16:52:07.787179
concept:Vibe Coding,concept,Vibe Coding,Vibe Coding,"{""description"": ""Vibe Coding是一种编码范式，GLM-5旨在从该范式过渡到agentic engineering。"", ""source_id"": ""doc-b4e38788f6345e577d0544273756e626-chunk-000"", ""file_path"": ""evidence:02513:a2199ad093dcd419.txt""}",lightrag_graph,0.72,2026-06-06T16:52:07.787179
method:企业级解决方案,method,企业级解决方案,企业级解决方案,"{""description"": ""企业级解决方案是智谱大模型开放平台致力于构建的企业级解决方案。"", ""source_id"": ""doc-676b8171863c25e934e20e27b2e393f0-chunk-000"", ""file_path"": ""evidence:02513:2315e55978c3764d.txt""}",lightrag_graph,0.72,2026-06-06T16:52:07.787179
other:千行百业应用,other,千行百业应用,千行百业应用,"{""description"": ""千行百业应用是智谱公司致力于将AI技术与各行业应用相结合的目标领域。"", ""source_id"": ""doc-676b8171863c25e934e20e27b2e393f0-chunk-000"", ""file_path"": ""evidence:02513:2315e55978c3764d.txt""}",lightrag_graph,0.72,2026-06-06T16:52:07.787179
method:CogVLM,method,CogVLM,CogVLM,"{""description"": ""CogVLM是智谱AI的多模态理解模型，属于AIGC模型产品矩阵。"", ""source_id"": ""doc-0326400fcdf73fe5cdbd8616c1a23e13-chunk-000"", ""file_path"": ""evidence:02513:d9f141da7ec3f385.txt""}",lightrag_graph,0.72,2026-06-06T16:52:07.787179
organization:中国大模型行业,organization,中国大模型行业,中国大模型行业,"{""description"": ""中国的大模型技术产业，智谱是其典型企业之一，整个行业面临技术飞速发展与商业化落地曲折并存的局面。"", ""source_id"": ""doc-5647361f6bedcbde814a2fb73eeb0c1a-chunk-000"", ""file_path"": ""evidence:02513:70badf3159f93488.txt""}",lightrag_graph,0.72,2026-06-06T16:52:07.787179
content:Glm技术复盘：21篇论文深度解读智谱模型家族,content,Glm技术复盘：21篇论文深度解读智谱模型家族,Glm技术复盘：21篇论文深度解读智谱模型家族,"{""description"": ""这是一篇技术博客文章，按时间倒序详尽解析了智谱AI自2022年至2026年发布的关键论文和模型架构演进。"", ""source_id"": ""doc-68acb4bb9d5b8bf722b114092a63d02d-chunk-000"", ""file_path"": ""evidence:02513:edc4e3bef28dd82e.txt""}",lightrag_graph,0.72,2026-06-06T16:52:07.787179
method:轻交付、标准化合作模式,method,轻交付、标准化合作模式,轻交付、标准化合作模式,"{""description"": ""AI 2.0时代倡导的商业合作模式，智谱正努力跑通以实现规模化。"", ""source_id"": ""doc-5647361f6bedcbde814a2fb73eeb0c1a-chunk-000"", ""file_path"": ""evidence:02513:70badf3159f93488.txt""}",lightrag_graph,0.72,2026-06-06T16:52:07.787179
data:02513.HK,data,02513.HK,02513.HK,"{""description"": ""带有市场后缀的完整股票代码，标识在香港上市的02513股票。<SEP>02513.HK是智谱公司在香港交易所的股票代码。"", ""source_id"": ""doc-06c43f61bb1289107460546360de1b17-chunk-000<SEP>doc-0fb260a7589d7c16c051233370004b49-chunk-000"", ""file_path"": ""evidence:02513:201b1a4e5b38aee0.txt<SEP>evidence:02513:ed017f7b8f3c38b0.txt""}",lightrag_graph,0.72,2026-06-06T16:52:07.787179
content:生成式人工智能服务管理暂行办法,content,生成式人工智能服务管理暂行办法,生成式人工智能服务管理暂行办法,"{""description"": ""《生成式人工智能服务管理暂行办法》是中国针对生成式人工智能服务的管理法规，智谱清言据此完成备案。"", ""source_id"": ""doc-d9bbf73932d18eeffb95e83597295fa0-chunk-000"", ""file_path"": ""evidence:02513:1fee14579342d00b.txt""}",lightrag_graph,0.72,2026-06-06T16:52:07.787179
method:GLM模型,method,GLM模型,GLM模型,"{""description"": ""GLM模型是智谱开发的AI模型，被多家头部互联网公司深度调用。"", ""source_id"": ""doc-159c33f0d797fd0894851a411359df00-chunk-000"", ""file_path"": ""evidence:02513:9bd8dcc71aea1308.txt""}",lightrag_graph,0.72,2026-06-06T16:52:07.787179
evidence_chunk:c3f824cdcc05,evidence_chunk,evidence:02513:a2199ad093dcd419.txt,evidence:02513:a2199ad093dcd419.txt,"{""content"": ""STOCK_CODE: 02513\nMARKET: HK\nALIASES: 02513; 智谱\nSOURCE: source_aware_search\nTITLE: query=智谱 智谱 论文 arxiv GitHub HuggingFace benchmark; rank=4; title=[2602.15763] GLM-5: from Vibe Coding to Agentic Engineering - arXiv.org\nURL: https://arxiv.org/abs/2602.15763\nFETCHED_AT: 2026-06-06T08:59:14.898568\n\nSUMMARY:\nrank=4; engine=duckduckgo; score=0.25; url=https://arxiv.org/abs/2602.15763; hash=5e182b504574ecec; snippet=We present GLM-5, a next-generation foundation model designed to transition the paradigm of vibe coding to agentic engineering. Building upon the agentic, reasoning, and coding (ARC) capabilities of its predecessor, GLM-5 adopts DSA to significantly reduce training and inference costs while maintaining long-context fidelity. To advance model alignment and au\n\nRAW_TEXT:\nWe present GLM-5, a next-generation foundation model designed to transition the paradigm of vibe coding to agentic engineering. Building upon the agentic, reasoning, and coding (ARC) capabilities of its predecesso"", ""file_path"": ""evidence:02513:a2199ad093dcd419.txt""}",lightrag_graph,0.65,2026-06-06T16:52:07.787179
evidence_chunk:3a6ffb44fc87,evidence_chunk,evidence:02513:1fee14579342d00b.txt,evidence:02513:1fee14579342d00b.txt,"{""content"": ""STOCK_CODE: 02513\nMARKET: HK\nALIASES: 02513; 智谱\nSOURCE: source_aware_search\nTITLE: query=智谱 智谱 官方 产品 技术 业务; rank=3; title=智谱 - 维基百科，自由的百科全书\nURL: https://zh.wikipedia.org/wiki/%E6%99%BA%E8%B0%B1\nFETCHED_AT: 2026-06-06T08:59:13.764733\n\nSUMMARY:\nrank=3; engine=duckduckgo; score=0.3333333333333333; url=https://zh.wikipedia.org/wiki/%E6%99%BA%E8%B0%B1; hash=8e12b56dfa7a134e; snippet=2023年8月31日，智谱推出的 人工智能 大语言模型 \"" 智谱清言 （ChatGLM）\""通过了 中华人民共和国 《生成式人工智能 服务管理暂行办法》备案，备案号为\""Beijing-ChatGLM-20230821\"" [7][8]，同日，智谱清言正式上线，其具备通过对话实现智能服务的功能 [9]。 2024年，智谱发布 GLM-4 和 GLM-4-Plus 等大模型 [6]。\n\nRAW_TEXT:\n2023年8月31日，智谱推出的 人工智能 大语言模型 \"" 智谱清言 （ChatGLM）\""通过了 中华人民共和国 《生成式人工智能 服务管理暂行办法》备案，备案号为\""Beijing-ChatGLM-20230821\"" [7][8]，同日，智谱清言正式上线，其具备通过对话实现智能服务的功能 [9]。 2024年，智谱发布 GLM-4 和 GLM-4-Plus 等大模型 [6]。"", ""file_path"": ""evidence:02513:1fee14579342d00b.txt""}",lightrag_graph,0.65,2026-06-06T16:52:07.787179
evidence_chunk:d0fdd4488eef,evidence_chunk,evidence:02513:4a23a57f0cd55f15.txt,evidence:02513:4a23a57f0cd55f15.txt,"{""content"": ""STOCK_CODE: 02513\nMARKET: HK\nALIASES: 02513; 智谱\nSOURCE: source_aware_search\nTITLE: query=智谱 智谱 论文 arxiv GitHub HuggingFace benchmark; rank=5; title=Glm 5：智谱ai 745b大模型 | 200k上下文、Api接入与使用指南\nURL: https://glm-5.org/zh/\nFETCHED_AT: 2026-06-06T08:59:14.898584\n\nSUMMARY:\nrank=5; engine=duckduckgo; score=0.2; url=https://glm-5.org/zh/; hash=13affcfdcb58cbe6; snippet=GLM-5 是智谱AI第五代大模型：7450亿参数、440亿激活MoE、200K上下文、智能体能力。 创意写作、编程、推理、开源。 通过 Z.ai、WaveSpeed API、Hugging Face 获取。\n\nRAW_TEXT:\nGLM-5 是智谱AI第五代大模型：7450亿参数、440亿激活MoE、200K上下文、智能体能力。 创意写作、编程、推理、开源。 通过 Z.ai、WaveSpeed API、Hugging Face 获取。"", ""file_path"": ""evidence:02513:4a23a57f0cd55f15.txt""}",lightrag_graph,0.65,2026-06-06T16:52:07.787179
evidence_chunk:5a485883a185,evidence_chunk,evidence:02513:80a6e2b94201e945.txt,evidence:02513:80a6e2b94201e945.txt,"{""content"": ""STOCK_CODE: 02513\nMARKET: HK\nALIASES: 02513; 智谱\nSOURCE: source_aware_search\nTITLE: query=智谱 智谱 论文 arxiv GitHub HuggingFace benchmark; rank=1; title=Glm技术复盘：21篇论文深度解读智谱模型家族 - 知乎\nURL: https://zhuanlan.zhihu.com/p/2017879689117594918\nFETCHED_AT: 2026-06-06T08:59:14.898456\n\nSUMMARY:\nrank=1; engine=duckduckgo; score=1.0; url=https://zhuanlan.zhihu.com/p/2017879689117594918; hash=c710229fb05ab780; snippet=在人工智能从通用语言建模向端到端智能体转型的历史进程中， 智谱AI （Zhipu AI，于2026年上市后更名为Z.ai）凭借其深厚的学术积淀与工程落地能力，构建了以GLM（General Language Model）架构为核心的庞大技术体系 。 从2022年双语稠密模型GLM-130B的破局，到2026年以智能体工程为导向的GLM-5家族，智谱AI不仅见证了中国大模型产业从追赶到并跑的转变，更在MoE架构优化、推理思维对齐、长时程智能体协作等前沿领域贡献了诸多标志性成果。 本文将按照发布时间倒序，详尽解析自2026年3月至2022年期间智谱AI发布的关键论文、模型及其背后的架构演进规律。\n\nRAW_TEXT:\n在人工智能从通用语言建模向端到端智能体转型的历史进程中， 智谱AI （Zhipu AI，于2026年上市后更名为Z.ai）凭借其深厚的学术积淀与工程落地能力，构建了以GLM（General Language Model）架构为核心的庞大技术体系 。 从2022年双语稠密模型GLM-130B的破局，到2026年以智能体工程为导向的GLM-5家族，智谱AI不仅见证了中国大模型产业从追赶到并跑的转变，更在MoE架构优化、推理思维对齐、长时程智能体协作等前沿领域贡献了诸多标志性成果。 本文将按照发布时间倒序，详尽解析自2026年3月至2022年期间智谱AI发布的关键论文、模"", ""file_path"": ""evidence:02513:80a6e2b94201e945.txt""}",lightrag_graph,0.65,2026-06-06T16:52:07.787179
evidence_chunk:49a09bcc203f,evidence_chunk,evidence:02513:edc4e3bef28dd82e.txt,evidence:02513:edc4e3bef28dd82e.txt,"{""content"": ""STOCK_CODE: 02513\nMARKET: HK\nALIASES: 02513; 智谱\nSOURCE: source_aware_search\nTITLE: query=智谱 智谱 论文 arxiv GitHub HuggingFace benchmark; rank=3; title=Glm技术复盘：21篇论文深度解读智谱模型家族 - Ai ...\nURL: https://www.cnblogs.com/aifrontiers/p/19736953\nFETCHED_AT: 2026-06-06T08:59:14.898534\n\nSUMMARY:\nrank=3; engine=duckduckgo; score=0.3333333333333333; url=https://www.cnblogs.com/aifrontiers/p/19736953; hash=6eba3d1231ab1249; snippet=在人工智能从通用语言建模向端到端智能体转型的历史进程中，智谱AI（Zhipu AI，于2026年上市后更名为Z.ai）凭借其深厚的学术积淀与工程落地能力，构建了以GLM（General Language Model）架构为核心的庞大技术体系 。 从2022年双语稠密模型GLM-130B的破局，到2026年以智能体工程为导向的GLM-5家族，智谱AI不仅见证了中国大模型产业从追赶到并跑的转变，更在MoE架构优化、推理思维对齐、长时程智能体协作等前沿领域贡献了诸多标志性成果。 本文将按照发布时间倒序，详尽解析自2026年3月至2022年期间智谱AI发布的关键论文、模型及其背后的架构演进规律。\n\nRAW_TEXT:\n在人工智能从通用语言建模向端到端智能体转型的历史进程中，智谱AI（Zhipu AI，于2026年上市后更名为Z.ai）凭借其深厚的学术积淀与工程落地能力，构建了以GLM（General Language Model）架构为核心的庞大技术体系 。 从2022年双语稠密模型GLM-130B的破局，到2026年以智能体工程为导向的GLM-5家族，智谱AI不仅见证了中国大模型产业从追赶到并跑的转变，更在MoE架构优化、推理思维对齐、长时程智能体协作等前沿领域贡献了诸多标志性成果。 本文将按照发布时间倒序，详尽解析自2026年3月至2022年期间智谱"", ""file_path"": ""evidence:02513:edc4e3bef28dd82e.txt""}",lightrag_graph,0.65,2026-06-06T16:52:07.787179
evidence_chunk:5b332c4f0e2a,evidence_chunk,evidence:02513:d9f141da7ec3f385.txt,evidence:02513:d9f141da7ec3f385.txt,"{""content"": ""STOCK_CODE: 02513\nMARKET: HK\nALIASES: 02513; 智谱\nSOURCE: source_aware_search\nTITLE: query=智谱 智谱 官方 产品 技术 业务; rank=5; title=北京智谱华章科技有限公司 _ 百科\nURL: https://baike.sogou.com/m/fullLemma\nFETCHED_AT: 2026-06-06T08:59:13.764800\n\nSUMMARY:\nrank=5; engine=duckduckgo; score=0.2; url=https://baike.sogou.com/m/fullLemma hash=839ec493713d8393; snippet=智谱AI基于全自研基座大模型的强大能力，构建了极具竞争力的AIGC模型产品矩阵，包括AI提效助手智谱清言、高效率代码模型CodeGeeX、多模态理解模型CogVLM和文生图模型CogView等 8。\n\nRAW_TEXT:\n智谱AI基于全自研基座大模型的强大能力，构建了极具竞争力的AIGC模型产品矩阵，包括AI提效助手智谱清言、高效率代码模型CodeGeeX、多模态理解模型CogVLM和文生图模型CogView等 8。"", ""file_path"": ""evidence:02513:d9f141da7ec3f385.txt""}",lightrag_graph,0.65,2026-06-06T16:52:07.787179
evidence_chunk:7bcd58c558ac,evidence_chunk,evidence:02513:9bd8dcc71aea1308.txt,evidence:02513:9bd8dcc71aea1308.txt,"{""content"": ""STOCK_CODE: 02513\nMARKET: HK\nALIASES: 02513; 智谱\nSOURCE: source_aware_search\nTITLE: query=智谱 智谱 新闻 合作 客户 收入; rank=4; title=智谱首份财报出炉：双面叙事下， Ai 商业化的真实坐标\nURL: https://www.toutiao.com/article/7623969752083546650/\nFETCHED_AT: 2026-06-06T08:59:17.057753\n\nSUMMARY:\nrank=4; engine=duckduckgo; score=0.25; url=https://www.toutiao.com/article/7623969752083546650/; hash=c3007b531657ab00; snippet=财报披露，中国前十大互联网公司中有9家深度调用GLM模型。 这些头部客户同时拥有自研模型的能力。 智谱CEO张鹏在媒体沟通会上回应称，\""大厂一定会自研，但不一定在所有场景中都能做到有足够的竞争力\""。 但这一判断的前提是智谱保持足够的技术 ...\n\nRAW_TEXT:\n财报披露，中国前十大互联网公司中有9家深度调用GLM模型。 这些头部客户同时拥有自研模型的能力。 智谱CEO张鹏在媒体沟通会上回应称，\""大厂一定会自研，但不一定在所有场景中都能做到有足够的竞争力\""。 但这一判断的前提是智谱保持足够的技术 ..."", ""file_path"": ""evidence:02513:9bd8dcc71aea1308.txt""}",lightrag_graph,0.65,2026-06-06T16:52:07.787179
evidence_chunk:151b438e5d14,evidence_chunk,evidence:02513:2315e55978c3764d.txt,evidence:02513:2315e55978c3764d.txt,"{""content"": ""STOCK_CODE: 02513\nMARKET: HK\nALIASES: 02513; 智谱\nSOURCE: source_aware_search\nTITLE: query=智谱 智谱 官方 产品 技术 业务; rank=1; title=Zhipu Ai Open Platform\nURL: https://open.bigmodel.cn/\nFETCHED_AT: 2026-06-06T08:59:13.764654\n\nSUMMARY:\nrank=1; engine=duckduckgo; score=1.0; url=https://open.bigmodel.cn/; hash=4fd8bce000351d71; snippet=智谱大模型开放平台-新一代国产自主通用AI大模型开放平台，是国内大模型排名前列的大模型网站，研发了多款LLM模型，多模态视觉模型产品，致力于将AI产品技术与行业场景双轮驱动的中国先进的认知智能技术和千行百业应用相结合，构建更高精度、高效率、通用化的AI开发新模式和企业级解决 ...\n\nRAW_TEXT:\n智谱大模型开放平台-新一代国产自主通用AI大模型开放平台，是国内大模型排名前列的大模型网站，研发了多款LLM模型，多模态视觉模型产品，致力于将AI产品技术与行业场景双轮驱动的中国先进的认知智能技术和千行百业应用相结合，构建更高精度、高效率、通用化的AI开发新模式和企业级解决 ..."", ""file_path"": ""evidence:02513:2315e55978c3764d.txt""}",lightrag_graph,0.65,2026-06-06T16:52:07.787179
evidence_chunk:f0304ffe90ad,evidence_chunk,evidence:02513:434e5b846052be06.txt,evidence:02513:434e5b846052be06.txt,"{""content"": ""STOCK_CODE: 02513\nMARKET: HK\nALIASES: 02513; 智谱\nSOURCE: source_aware_search\nTITLE: query=智谱 智谱 官方 产品 技术 业务; rank=2; title=Z.ai - Inspiring AGI to Benefit Humanity\nURL: https://www.zhipuai.cn/\nFETCHED_AT: 2026-06-06T08:59:13.764695\n\nSUMMARY:\nrank=2; engine=duckduckgo; score=0.5; url=https://www.zhipuai.cn/; hash=ea92af238e9bcd8a; snippet=智谱与英特尔深化智能生态合作，落地端侧智谱清言和CodeGeeX智能编程助手\n\nRAW_TEXT:\n智谱与英特尔深化智能生态合作，落地端侧智谱清言和CodeGeeX智能编程助手"", ""file_path"": ""evidence:02513:434e5b846052be06.txt""}",lightrag_graph,0.65,2026-06-06T16:52:07.787179
evidence_chunk:3cf426727f22,evidence_chunk,evidence:02513:89cf45718fedf981.txt,evidence:02513:89cf45718fedf981.txt,"{""content"": ""STOCK_CODE: 02513\nMARKET: HK\nALIASES: 02513; 智谱\nSOURCE: source_aware_search\nTITLE: query=site:hkexnews.hk 02513 智谱 年报 招股书 主营业务; rank=1; title=股份代號：2513 獨家保薦人、保薦人兼整體協調人、整體協調人、聯席全球協調人、聯席賬簿管理人及聯席牽頭經辦人\nURL: https://www1.hkexnews.hk/listedco/listconews/sehk/2025/1230/2025123000018_c.pdf\nFETCHED_AT: 2026-06-06T08:59:09.853959\n\nSUMMARY:\nrank=1; engine=brave; score=1.0; url=https://www1.hkexnews.hk/listedco/listconews/sehk/2025/1230/2025123000018_c.pdf; hash=652f33e1ee48f49e; snippet=智能體模型及代碼模型，以及用於模型微調、部署及智能體開發的集成工具。我們MaaS平\n\nRAW_TEXT:\n智能體模型及代碼模型，以及用於模型微調、部署及智能體開發的集成工具。我們MaaS平"", ""file_path"": ""evidence:02513:89cf45718fedf981.txt""}",lightrag_graph,0.65,2026-06-06T16:52:07.787179
product:AIGC模型产品矩阵,product,AIGC模型产品矩阵,AIGC模型产品矩阵,"{""materialized_from_edge"": true}",lightrag_graph,0.58,2026-06-06T16:52:07.789181
entity:智谱：2025年全年总收入7.24亿元，同比增长131.9% | 科技 ...,entity,智谱：2025年全年总收入7.24亿元，同比增长131.9% | 科技 ...,智谱：2025年全年总收入7.24亿元，同比增长131.9% | 科技 ...,"{""materialized_from_edge"": true}",lightrag_graph,0.58,2026-06-06T16:52:07.789181
entity:分析文章,entity,分析文章,分析文章,"{""materialized_from_edge"": true}",lightrag_graph,0.58,2026-06-06T16:52:07.789181
entity:香港市场,entity,香港市场,香港市场,"{""materialized_from_edge"": true}",lightrag_graph,0.58,2026-06-06T16:52:07.789181
entity:推理思维对齐,entity,推理思维对齐,推理思维对齐,"{""materialized_from_edge"": true}",lightrag_graph,0.58,2026-06-06T16:52:07.789181
entity:MoE架构优化,entity,MoE架构优化,MoE架构优化,"{""materialized_from_edge"": true}",lightrag_graph,0.58,2026-06-06T16:52:07.789181
product:基座大模型,product,基座大模型,基座大模型,"{""materialized_from_edge"": true}",lightrag_graph,0.58,2026-06-06T16:52:07.789181
entity:2025年总收入7.24亿元,entity,2025年总收入7.24亿元,2025年总收入7.24亿元,"{""materialized_from_edge"": true}",lightrag_graph,0.58,2026-06-06T16:52:07.789181
entity:同比增长131.9%,entity,同比增长131.9%,同比增长131.9%,"{""materialized_from_edge"": true}",lightrag_graph,0.58,2026-06-06T16:52:07.789181
technology:AI技术商业化加速趋势,technology,AI技术商业化加速趋势,AI技术商业化加速趋势,"{""materialized_from_edge"": true}",lightrag_graph,0.58,2026-06-06T16:52:07.789181
entity:MoE架构,entity,MoE架构,MoE架构,"{""materialized_from_edge"": true}",lightrag_graph,0.58,2026-06-06T16:52:07.789181
entity:WaveSpeed API,entity,WaveSpeed API,WaveSpeed API,"{""materialized_from_edge"": true}",lightrag_graph,0.58,2026-06-06T16:52:07.789181
entity:北京智譜華章科技股份有限公司,entity,北京智譜華章科技股份有限公司,北京智譜華章科技股份有限公司,"{""materialized_from_edge"": true}",lightrag_graph,0.58,2026-06-06T16:52:07.789181
entity:香港,entity,香港,香港,"{""materialized_from_edge"": true}",lightrag_graph,0.58,2026-06-06T16:52:07.789181
entity:HK,entity,HK,HK,"{""materialized_from_edge"": true}",lightrag_graph,0.58,2026-06-06T16:52:07.789181
https://stock.qianzhan.com/report/fullcompare/02513.HK,entity,//stock.qianzhan.com/report/fullcompare/02513.HK,//stock.qianzhan.com/report/fullcompare/02513.HK,"{""materialized_from_edge"": true}",lightrag_graph,0.58,2026-06-06T16:52:07.789181
entity:智谱(02513.HK)_沪深A股_新三板_港股美股_财务报表完整分析对比_财务报告查询-前瞻眼,entity,智谱(02513.HK)_沪深A股_新三板_港股美股_财务报表完整分析对比_财务报告查询-前瞻眼,智谱(02513.HK)_沪深A股_新三板_港股美股_财务报表完整分析对比_财务报告查询-前瞻眼,"{""materialized_from_edge"": true}",lightrag_graph,0.58,2026-06-06T16:52:07.789181
entity:新浪财经,entity,新浪财经,新浪财经,"{""materialized_from_edge"": true}",lightrag_graph,0.58,2026-06-06T16:52:07.789181
entity:KNOWLEDGE ATLAS,entity,KNOWLEDGE ATLAS,KNOWLEDGE ATLAS,"{""materialized_from_edge"": true}",lightrag_graph,0.58,2026-06-06T16:52:07.789181
entity:人工智能,entity,人工智能,人工智能,"{""materialized_from_edge"": true}",lightrag_graph,0.58,2026-06-06T16:52:07.789181
product:大语言模型,product,大语言模型,大语言模型,"{""materialized_from_edge"": true}",lightrag_graph,0.58,2026-06-06T16:52:07.789181
entity:arXiv,entity,arXiv,arXiv,"{""materialized_from_edge"": true}",lightrag_graph,0.58,2026-06-06T16:52:07.789181
